Cust_ID;Age;Customer_Segment
CC25034;35;1
CC59625;22;1
CC69314;33;1
CC67036;46;1
CC25597;44;1
CC57469;22;1
CC15926;50;1
CC31951;46;1
CC32388;26;1
CC48802;44;1
CC88738;25;1
CC56494;35;1
CC55858;30;1
CC64296;27;1
CC96605;39;1
CC46367;37;1
CC59995;28;1
CC65245;45;1
CC86105;46;1
CC15194;38;1
CC58269;43;1
CC30680;35;1
CC71280;36;1
CC92403;42;1
CC63842;22;1
CC99926;40;1
CC67761;25;1
CC54029;25;1
CC47548;30;1
CC31421;40;1
CC60510;41;1
CC40555;47;1
CC28030;23;1
CC30309;21;1
CC68162;45;1
CC45858;24;1
CC77341;22;1
CC52486;26;1
CC82362;42;1
CC98291;42;1
CC77839;36;1
CC96868;21;1
CC46077;49;1
CC86395;31;1
CC58734;34;1
CC53837;25;1
CC57116;40;1
CC54983;27;1
CC32133;28;1
CC12016;39;1
CC32807;31;1
CC56491;50;1
CC61750;48;1
CC68347;27;1
CC95629;40;1
CC58975;50;1
CC63221;23;1
CC90171;40;1
CC46484;49;1
CC58454;25;1
CC59340;25;1
CC45951;23;1
CC30134;34;1
CC27267;36;1
CC47364;29;1
CC25571;36;1
CC84738;39;1
CC83426;30;1
CC12515;35;1
CC59324;44;1
CC86666;46;1
CC42989;35;1
CC86309;45;1
CC62994;48;1
CC98497;46;1
CC42030;45;1
CC17773;38;1
CC53855;39;1
CC90050;29;1
CC93096;42;1
CC15346;25;1
CC11329;42;1
CC27132;25;1
CC94027;35;1
CC85497;24;1
CC32627;24;1
CC93948;29;1
CC53477;47;1
CC43841;30;1
CC43526;21;1
CC76450;25;1
CC21312;45;1
CC72261;25;1
CC78068;41;1
CC28389;42;1
CC16827;36;1
CC54949;33;1
CC30281;36;1
CC35361;41;1
CC82110;24;1
CC53285;29;1
CC76234;49;1
CC11716;43;1
CC90510;33;1
CC71524;39;1
CC67562;26;1
CC75366;30;1
CC94244;31;1
CC91701;45;1
CC27782;44;1
CC22962;46;1
CC69832;35;1
CC67866;39;1
CC46879;50;1
CC36447;43;1
CC47394;48;1
CC30333;28;1
CC12273;30;1
CC41597;47;1
CC60523;33;1
CC66746;44;1
CC57048;47;1
CC69674;20;1
CC95103;32;1
CC28406;45;1
CC54581;31;1
CC14283;35;1
CC63813;27;1
CC27373;26;1
CC34504;26;1
CC50426;40;1
CC33706;32;1
CC62270;39;1
CC34295;37;1
CC61320;21;1
CC48160;40;1
CC24232;30;1
CC18477;34;1
CC23994;50;1
CC70559;38;1
CC66044;37;1
CC84975;37;1
CC89639;24;1
CC35402;26;1
CC98042;33;1
CC78932;38;1
CC52755;46;1
CC73370;47;1
CC52006;45;1
CC24714;22;1
CC69780;32;1
CC47636;45;1
CC98467;26;1
CC23694;36;1
CC21190;32;1
CC74987;42;1
CC49747;47;1
CC65887;38;1
CC47031;48;1
CC59633;20;1
CC29476;20;1
CC82015;45;1
CC15093;32;1
CC83792;20;1
CC97286;44;1
CC41077;49;1
CC72437;26;1
CC99931;45;1
CC87410;30;1
CC52071;39;1
CC37761;23;1
CC95631;39;1
CC87948;50;1
CC42497;23;1
CC93639;44;1
CC92724;39;1
CC19629;48;1
CC81849;45;1
CC13765;20;1
CC14895;27;1
CC53164;49;1
CC43185;47;1
CC28587;22;1
CC50169;28;1
CC26049;22;1
CC23339;31;1
CC68608;41;1
CC30149;48;1
CC12373;28;1
CC16573;25;1
CC24087;50;1
CC41952;28;1
CC64327;23;1
CC18336;28;1
CC89189;34;1
CC70834;31;1
CC92904;30;1
CC67124;25;1
CC13870;23;1
CC22441;27;1
CC35190;39;1
CC39947;32;1
CC51009;45;1
CC48607;37;1
CC70677;31;1
CC17738;37;1
CC78973;27;1
CC59094;27;1
CC73209;35;1
CC41731;35;1
CC38247;37;1
CC99068;47;1
CC88526;30;1
CC53869;34;1
CC23039;33;1
CC38072;45;1
CC17434;41;1
CC42726;37;1
CC14231;42;1
CC68920;33;1
CC36629;37;1
CC93075;32;1
CC49405;21;1
CC15567;21;1
CC64668;50;1
CC56389;33;1
CC44495;25;1
CC73835;50;1
CC87898;27;1
CC62033;31;1
CC90221;22;1
CC61692;30;1
CC26280;29;1
CC51656;38;1
CC69374;32;1
CC64111;41;1
CC13345;48;1
CC90045;22;1
CC90973;39;1
CC97634;22;1
CC56666;45;1
CC16836;29;1
CC91817;42;1
CC77519;48;1
CC85663;35;1
CC64492;21;1
CC35596;39;1
CC87603;34;1
CC82571;38;1
CC45386;29;1
CC80032;44;1
CC80390;42;1
CC82676;43;1
CC28284;44;1
CC11813;49;1
CC71417;21;1
CC95790;34;1
CC57906;27;1
CC83871;29;1
CC97262;20;1
CC12278;36;1
CC41850;33;1
CC28794;49;1
CC68752;33;1
CC18570;50;1
CC60741;28;1
CC37031;38;1
CC67594;44;1
CC29886;45;1
CC51799;44;1
CC59276;46;1
CC77747;34;1
CC84081;36;1
CC85420;50;1
CC53913;41;1
CC99226;20;1
CC74043;24;1
CC63999;20;1
CC14436;20;1
CC22679;37;1
CC33574;44;1
CC78221;25;1
CC88282;38;1
CC18170;23;1
CC42695;40;1
CC97616;49;1
CC86571;32;1
CC74801;30;1
CC57368;36;1
CC41267;30;1
CC64204;29;1
CC68953;23;1
CC60418;50;1
CC86393;38;1
CC32990;21;1
CC17105;43;1
CC27762;44;1
CC42877;35;1
CC56314;46;1
CC75857;22;1
CC40905;22;1
CC19524;38;1
CC99296;20;1
CC12059;32;1
CC37324;42;1
CC40637;44;1
CC51365;34;1
CC41847;31;1
CC87229;21;1
CC68609;31;1
CC82924;30;1
CC40118;49;1
CC78726;40;1
CC16071;45;1
CC51588;30;1
CC47700;46;1
CC47668;23;1
CC84462;29;1
CC27298;21;1
CC51061;22;1
CC60744;21;1
CC33809;37;1
CC47168;25;1
CC91933;41;1
CC35933;49;1
CC62873;49;1
CC82636;20;1
CC20613;49;1
CC20412;47;1
CC40269;31;1
CC22324;39;1
CC20042;46;1
CC73782;27;1
CC26296;44;1
CC64030;46;1
CC54422;29;1
CC93379;23;1
CC83813;48;1
CC53782;48;1
CC31396;23;1
CC53728;46;1
CC42551;38;1
CC98491;46;1
CC30153;50;1
CC38829;25;1
CC66074;33;1
CC66770;27;1
CC36387;47;1
CC36459;40;1
CC23102;30;1
CC89576;26;1
CC17653;26;1
CC31674;50;1
CC20351;46;1
CC55605;39;1
CC60655;21;1
CC12502;39;1
CC97712;42;1
CC83585;23;1
CC31730;44;1
CC80781;42;1
CC25798;23;1
CC64329;47;1
CC92021;30;1
CC50247;41;1
CC56556;33;1
CC68483;23;1
CC60672;45;1
CC66243;45;1
CC17188;38;1
CC12864;33;1
CC64828;39;1
CC67361;22;1
CC37473;33;1
CC60215;40;1
CC14836;32;1
CC76661;28;1
CC74399;49;1
CC58906;48;1
CC83749;35;1
CC23940;27;1
CC11118;22;1
CC60494;31;1
CC30212;36;1
CC57740;41;1
CC18212;50;1
CC13644;44;1
CC83307;35;1
CC35792;20;1
CC76956;27;1
CC88281;50;1
CC14734;29;1
CC97733;43;1
CC22778;23;1
CC65002;32;1
CC48565;37;1
CC93949;48;1
CC54337;48;1
CC12249;21;1
CC30321;21;1
CC42161;38;1
CC18257;31;1
CC97702;25;1
CC24052;40;1
CC63683;23;1
CC51400;26;1
CC77029;49;1
CC57400;26;1
CC58924;24;1
CC55136;20;1
CC95547;35;1
CC91420;24;1
CC18334;25;1
CC80932;47;1
CC99306;24;1
CC73465;38;1
CC84980;36;1
CC82532;45;1
CC30400;27;1
CC78259;35;1
CC36858;39;1
CC78124;43;1
CC30138;36;1
CC52704;45;1
CC92122;33;1
CC41564;31;1
CC62007;32;1
CC25575;24;1
CC37456;49;1
CC64858;48;1
CC92026;21;1
CC45135;29;1
CC11805;39;1
CC53056;40;1
CC41014;36;1
CC74942;23;1
CC35750;20;1
CC93130;21;1
CC14227;47;1
CC61610;25;1
CC40226;44;1
CC19794;22;1
CC34586;46;1
CC29718;36;1
CC11966;30;1
CC88425;33;1
CC46950;40;1
CC69045;41;1
CC54570;34;1
CC74891;40;1
CC30036;43;1
CC37398;39;1
CC83282;35;1
CC36559;32;1
CC80812;27;1
CC99574;46;1
CC57481;26;1
CC18125;40;1
CC29574;43;1
CC94620;42;1
CC88916;20;1
CC69778;48;1
CC95958;24;1
CC45588;33;1
CC36877;22;1
CC50028;27;1
CC25480;44;1
CC57364;22;1
CC75439;36;1
CC69171;41;1
CC51575;34;1
CC87698;34;1
CC87032;27;1
CC23654;27;1
CC76570;43;1
CC83859;29;1
CC37906;33;1
CC56407;41;1
CC45873;27;1
CC69602;29;1
CC22706;32;1
CC53299;24;1
CC77449;34;1
CC89155;35;1
CC75046;34;1
CC50476;36;1
CC91171;48;1
CC59630;44;1
CC52489;23;1
CC84606;35;1
CC67569;23;1
CC61889;27;1
CC75487;33;1
CC56882;26;1
CC64166;29;1
CC41916;46;1
CC66903;20;1
CC94495;49;1
CC26144;50;1
CC56004;38;1
CC37780;47;1
CC95287;33;1
CC59153;50;1
CC19820;37;1
CC57479;30;1
CC83469;20;1
CC52079;33;1
CC61390;36;1
CC22267;25;1
CC59755;34;1
CC60827;48;1
CC18438;41;1
CC82469;45;1
CC31679;38;1
CC69907;22;1
CC31266;31;1
CC64273;27;1
CC63464;22;1
CC83536;30;1
CC65186;34;1
CC48618;23;1
CC91542;47;1
CC74126;36;1
CC70917;22;1
CC61057;21;1
CC56031;36;1
CC31473;46;1
CC56344;45;1
CC19154;21;1
CC29840;48;1
CC72209;37;1
CC82408;46;1
CC92097;20;1
CC34124;45;1
CC97528;31;1
CC78843;42;1
CC67714;26;1
CC77698;25;1
CC32637;43;1
CC25375;39;1
CC45662;30;1
CC90833;32;1
CC43146;34;1
CC43749;32;1
CC51258;21;1
CC44758;25;1
CC77429;32;1
CC58083;49;1
CC44293;26;1
CC77298;36;1
CC33189;36;1
CC88367;44;1
CC67025;39;1
CC45701;45;1
CC57427;49;1
CC44020;39;1
CC44250;41;1
CC21701;29;1
CC91827;47;1
CC24556;44;1
CC94859;32;1
CC13701;37;1
CC41412;23;1
CC43294;44;1
CC56834;31;1
CC96682;43;1
CC52606;25;1
CC21909;42;1
CC94926;26;1
CC73918;33;1
CC67310;49;1
CC89895;24;1
CC88608;35;1
CC97252;34;1
CC50125;49;1
CC43784;22;1
CC52866;43;1
CC31191;23;1
CC51663;42;1
CC99132;39;1
CC22968;36;1
CC34083;41;1
CC58964;37;1
CC55506;45;1
CC89268;47;1
CC31720;25;1
CC20173;49;1
CC33446;50;1
CC55720;45;1
CC28320;27;1
CC68426;36;1
CC56352;20;1
CC86663;37;1
CC74522;23;1
CC31499;29;1
CC71260;44;1
CC74924;45;1
CC66774;42;1
CC51242;34;1
CC22362;47;1
CC49339;49;1
CC52763;20;1
CC99842;49;1
CC79208;34;1
CC69012;48;1
CC75930;26;1
CC50030;24;1
CC20246;48;1
CC11144;48;1
CC17528;45;1
CC26717;47;1
CC87578;33;1
CC46310;27;1
CC27746;35;1
CC39481;44;1
CC46195;37;1
CC84471;22;1
CC66071;26;1
CC86405;35;1
CC98489;33;1
CC79856;48;1
CC41500;40;1
CC70522;39;1
CC38338;50;1
CC96897;20;1
CC30988;23;1
CC87752;33;1
CC21512;21;1
CC75776;34;1
CC33888;25;1
CC39381;25;1
CC46627;42;1
CC19711;28;1
CC59157;38;1
CC41462;50;1
CC67499;49;1
CC34350;38;1
CC26156;38;1
CC38010;45;1
CC12272;45;1
CC86639;42;1
CC79719;30;1
CC82853;42;1
CC46988;48;1
CC35739;47;1
CC13607;20;1
CC43191;41;1
CC83125;46;1
CC31678;30;1
CC11639;20;1
CC47864;20;1
CC33179;46;1
CC35866;43;1
CC47914;41;1
CC20977;25;1
CC17141;34;1
CC61890;35;1
CC98540;32;1
CC57122;20;1
CC94849;25;1
CC22544;48;1
CC57117;20;1
CC13320;26;1
CC33806;29;1
CC58030;27;1
CC50301;25;1
CC30899;23;1
CC77383;24;1
CC88825;45;1
CC80464;38;1
CC66974;28;1
CC68887;31;1
CC93123;35;1
CC91686;46;1
CC80847;33;1
CC72700;40;1
CC90501;30;1
CC68194;24;1
CC94108;22;1
CC83387;24;1
CC87820;32;1
CC52121;40;1
CC37643;33;1
CC33405;28;1
CC78349;30;1
CC57504;32;1
CC35311;21;1
CC54900;40;1
CC72856;48;1
CC37803;21;1
CC41185;43;1
CC73767;30;1
CC65436;46;1
CC40954;33;1
CC44928;20;1
CC22462;44;1
CC85442;42;1
CC51316;45;1
CC70311;45;1
CC36555;33;1
CC78977;31;1
CC86958;20;1
CC37813;46;1
CC97967;50;1
CC62117;35;1
CC95546;38;1
CC37505;47;1
CC18364;44;1
CC30095;30;1
CC85730;44;1
CC20355;39;1
CC30253;41;1
CC63748;31;1
CC63996;46;1
CC18667;38;1
CC75991;35;1
CC86051;33;1
CC35917;32;1
CC11722;45;1
CC33745;31;1
CC62559;43;1
CC95768;40;1
CC39145;36;1
CC67842;32;1
CC65142;31;1
CC39858;44;1
CC49351;38;1
CC27040;27;1
CC36915;43;1
CC65489;37;1
CC55361;27;1
CC65885;49;1
CC70238;46;1
CC80659;44;1
CC41439;33;1
CC40255;34;1
CC76187;37;1
CC43568;20;1
CC55556;34;1
CC43757;26;1
CC43422;43;1
CC85875;36;1
CC97360;28;1
CC85144;28;1
CC98814;28;1
CC25863;24;1
CC55795;40;1
CC59721;36;1
CC52241;45;1
CC73779;21;1
CC40784;25;1
CC48703;26;1
CC21557;42;1
CC88817;24;1
CC17569;33;1
CC65480;41;1
CC59505;30;1
CC18649;24;1
CC62654;47;1
CC62585;30;1
CC70373;31;1
CC34117;38;1
CC67957;24;1
CC69895;43;1
CC96608;28;1
CC81066;32;1
CC58680;34;1
CC51514;35;1
CC93780;43;1
CC18040;41;1
CC79043;50;1
CC26606;28;1
CC70279;24;1
CC48856;40;1
CC55922;22;1
CC96607;48;1
CC97486;20;1
CC79184;48;1
CC80695;29;1
CC40163;36;1
CC79146;32;1
CC70209;31;1
CC11368;35;1
CC94597;36;1
CC97173;22;1
CC14459;24;1
CC26899;38;1
CC94753;34;1
CC84647;43;1
CC29712;46;1
CC47437;41;1
CC19461;31;1
CC86225;26;1
CC77721;37;1
CC43578;40;1
CC67039;28;1
CC45046;30;1
CC52309;21;1
CC58748;48;1
CC59048;25;1
CC33889;50;1
CC44149;27;1
CC24531;24;1
CC28150;48;1
CC73744;37;1
CC19957;47;1
CC94410;40;1
CC24209;40;1
CC13359;47;1
CC43917;45;1
CC79949;31;1
CC38525;46;1
CC58122;50;1
CC20174;48;1
CC63124;45;1
CC63099;44;1
CC25257;38;1
CC55737;33;1
CC26894;40;1
CC81024;49;1
CC31001;27;1
CC51748;33;1
CC46709;20;1
CC52667;44;1
CC99702;31;1
CC18007;20;1
CC51499;24;1
CC94283;34;1
CC65638;32;1
CC19038;35;1
CC11154;39;1
CC71489;35;1
CC19739;28;1
CC54366;35;1
CC47922;28;1
CC32108;34;1
CC92335;47;1
CC16796;44;1
CC27420;28;1
CC54881;32;1
CC91508;35;1
CC57806;36;1
CC28559;50;1
CC44722;36;1
CC56036;34;1
CC33930;40;1
CC12844;41;3
CC73442;27;3
CC33386;44;3
CC44196;47;3
CC70263;37;3
CC71494;33;3
CC42815;47;3
CC83918;50;3
CC45458;32;3
CC26950;35;3
CC86374;22;3
CC25835;37;3
CC20114;20;3
CC74482;50;3
CC47105;30;3
CC20208;29;3
CC49301;20;3
CC70734;40;3
CC32056;46;3
CC61685;22;3
CC31413;24;3
CC97932;34;3
CC58330;37;3
CC67688;28;3
CC21674;33;3
CC91386;21;3
CC76082;20;3
CC52582;23;3
CC67511;40;3
CC63405;25;3
CC73642;24;3
CC66100;21;3
CC48244;22;3
CC36651;45;3
CC25425;23;3
CC87989;50;3
CC94742;50;3
CC24169;32;3
CC62990;49;3
CC97550;36;3
CC46960;28;3
CC74125;36;3
CC17069;36;3
CC69799;32;3
CC50354;34;3
CC17005;36;3
CC98596;40;3
CC91292;30;3
CC67055;27;3
CC15397;21;3
CC63968;34;3
CC37368;21;3
CC54617;28;3
CC77730;42;3
CC28582;23;3
CC33589;30;3
CC90401;48;3
CC62361;32;3
CC70991;37;3
CC13485;29;3
CC44411;45;3
CC77848;29;3
CC80100;34;3
CC95620;28;3
CC79707;20;3
CC43330;25;3
CC77309;46;3
CC92538;47;3
CC59716;50;3
CC17003;50;3
CC93137;37;3
CC51444;49;3
CC52258;40;3
CC25491;24;3
CC99747;34;3
CC85364;40;3
CC64958;32;3
CC94465;21;3
CC50515;35;3
CC82059;25;3
CC30711;27;3
CC65080;41;3
CC95533;47;3
CC90435;46;3
CC36352;31;3
CC31779;25;3
CC64794;22;3
CC17496;21;3
CC81498;29;3
CC53543;38;3
CC78862;27;3
CC16994;33;3
CC67765;47;3
CC82106;38;3
CC48782;36;3
CC47974;40;3
CC75722;33;3
CC65455;38;3
CC81252;28;3
CC55162;30;3
CC87177;38;3
CC63337;28;3
CC62856;27;3
CC59820;40;3
CC18454;38;3
CC43405;36;3
CC13442;50;3
CC76515;36;3
CC72117;30;3
CC63718;35;3
CC66304;41;3
CC86435;41;3
CC53824;45;3
CC60095;37;3
CC67397;20;3
CC91688;25;3
CC23484;25;3
CC75284;50;3
CC61339;29;3
CC42495;23;3
CC98239;45;3
CC72992;23;3
CC17109;20;3
CC13763;21;3
CC30839;45;3
CC53387;20;3
CC39894;37;3
CC58907;40;3
CC12757;32;3
CC11563;40;3
CC61838;29;3
CC66648;50;3
CC69887;37;3
CC12076;48;3
CC60842;44;3
CC46165;41;3
CC69183;30;3
CC74676;33;3
CC89522;39;3
CC73233;29;3
CC92677;25;3
CC15018;41;3
CC88056;40;3
CC48256;34;3
CC67324;26;3
CC24505;33;3
CC42404;35;3
CC21134;50;3
CC69577;48;3
CC50816;39;3
CC45894;20;3
CC82207;37;3
CC97721;34;3
CC20264;40;3
CC58796;44;3
CC86394;43;3
CC99783;38;3
CC30446;27;3
CC30492;49;3
CC50627;27;3
CC15657;39;3
CC39240;42;3
CC68010;47;3
CC87753;40;3
CC44859;40;3
CC75162;30;3
CC48887;20;3
CC35874;38;3
CC91818;36;3
CC21152;41;3
CC36699;32;3
CC74406;33;3
CC46148;32;3
CC74864;36;3
CC68575;34;3
CC74945;39;3
CC58517;32;3
CC87000;31;3
CC54738;40;3
CC70843;40;3
CC49392;43;3
CC51349;43;3
CC25979;41;3
CC57529;20;3
CC84044;40;3
CC34207;23;3
CC69818;21;3
CC76554;45;3
CC82179;38;3
CC40672;26;3
CC74081;32;3
CC12569;23;3
CC14775;23;3
CC42636;23;3
CC59061;27;3
CC25055;31;3
CC59570;28;3
CC42066;48;3
CC37034;35;3
CC13982;30;3
CC54391;38;3
CC68290;25;3
CC22520;41;3
CC85737;36;3
CC37555;22;3
CC78106;24;3
CC44666;44;3
CC16769;37;3
CC93244;22;3
CC89256;29;3
CC33848;40;3
CC39256;41;3
CC65668;47;3
CC73929;38;3
CC96061;23;3
CC87271;47;3
CC84897;42;3
CC77278;23;3
CC97117;47;3
CC73546;25;3
CC36444;35;3
CC20488;23;3
CC66397;27;3
CC78930;37;3
CC62644;24;3
CC14135;40;3
CC96094;50;3
CC46922;33;3
CC26866;27;3
CC20600;41;3
CC98906;21;3
CC29920;45;3
CC24906;27;3
CC98065;29;3
CC19598;35;3
CC32667;46;3
CC99031;30;3
CC79632;36;3
CC88708;20;3
CC93412;44;3
CC60531;44;3
CC32862;29;3
CC47564;43;3
CC63648;27;3
CC85181;34;3
CC25731;32;3
CC37485;27;3
CC19983;28;3
CC76285;26;3
CC13267;33;3
CC49044;32;3
CC74275;28;3
CC85396;28;3
CC93841;49;3
CC56239;41;3
CC22050;50;3
CC38614;28;3
CC83415;46;3
CC39362;30;3
CC68029;41;3
CC30271;46;3
CC54591;33;3
CC50789;39;3
CC79553;41;3
CC71423;47;3
CC67668;41;3
CC40434;33;3
CC69490;20;3
CC79427;28;3
CC79969;35;3
CC30992;20;3
CC19604;48;3
CC30677;43;3
CC29323;43;3
CC53465;48;3
CC50546;33;3
CC94749;41;3
CC89881;41;3
CC84801;23;3
CC44975;39;3
CC68197;35;3
CC95294;24;3
CC82597;46;3
CC49028;36;3
CC80079;30;3
CC95075;46;3
CC17411;30;3
CC70499;26;3
CC37222;22;3
CC58333;24;3
CC79744;21;3
CC38825;23;3
CC22271;35;3
CC65968;27;3
CC86092;29;3
CC89758;38;3
CC17441;37;3
CC39959;40;3
CC79703;30;3
CC41147;24;3
CC82744;48;3
CC43515;49;3
CC71656;38;3
CC97420;38;3
CC14911;45;3
CC94041;34;3
CC89176;31;3
CC76310;27;3
CC36046;23;3
CC50857;27;3
CC58253;28;3
CC21268;30;3
CC56675;21;3
CC44821;22;3
CC33248;45;3
CC49839;42;3
CC51327;22;3
CC61506;34;3
CC44363;43;3
CC30068;29;3
CC55707;39;3
CC60409;20;3
CC45937;36;3
CC79833;42;3
CC22047;34;3
CC34784;22;3
CC35211;24;3
CC15224;23;3
CC97465;24;3
CC25887;30;3
CC53772;29;3
CC12328;39;3
CC85028;38;3
CC70348;45;3
CC80537;35;3
CC56117;39;3
CC68382;31;3
CC86644;47;3
CC16778;28;3
CC29286;39;3
CC97882;40;3
CC95331;27;3
CC81558;49;3
CC60697;28;3
CC98741;49;3
CC37292;45;3
CC61658;34;3
CC85365;25;3
CC85514;41;3
CC76150;45;3
CC45011;21;3
CC58859;25;3
CC29921;20;3
CC37197;45;3
CC92738;26;3
CC28918;36;3
CC74471;45;3
CC79514;39;3
CC24187;47;3
CC45682;45;3
CC36038;35;3
CC89690;25;3
CC35225;26;3
CC53329;44;3
CC19998;31;3
CC89626;45;3
CC66002;47;3
CC65706;27;3
CC31397;22;3
CC91389;43;3
CC76680;24;3
CC30513;50;3
CC24235;28;3
CC54237;21;3
CC74472;27;3
CC72916;26;3
CC70345;24;3
CC74738;27;3
CC69576;43;3
CC50312;20;3
CC78048;21;3
CC26369;25;3
CC61332;36;3
CC96690;35;3
CC50434;46;3
CC89982;27;3
CC89533;43;3
CC24595;29;3
CC58643;21;3
CC31956;20;3
CC65775;30;3
CC54231;25;3
CC14378;29;3
CC74973;32;3
CC37531;38;3
CC75947;23;3
CC79742;28;3
CC81095;47;3
CC27837;27;3
CC73637;49;3
CC21341;46;3
CC15606;25;3
CC78934;39;3
CC62752;28;3
CC54582;29;3
CC93225;34;3
CC86548;46;3
CC95305;20;3
CC17766;36;3
CC60408;30;3
CC89505;23;3
CC27905;34;3
CC31062;44;3
CC37443;50;3
CC47283;40;3
CC42826;42;3
CC30635;47;3
CC30907;23;3
CC76749;30;3
CC44640;50;3
CC51953;34;3
CC85272;36;3
CC29766;28;3
CC90840;40;3
CC16739;35;3
CC23168;47;3
CC70411;49;3
CC21296;35;3
CC46457;26;3
CC64018;27;3
CC82745;48;3
CC45190;50;3
CC41737;47;3
CC42687;24;3
CC34574;47;3
CC49782;22;3
CC30244;21;3
CC99575;50;3
CC48730;24;3
CC96570;36;3
CC21968;38;3
CC22555;38;3
CC72942;38;3
CC68522;28;3
CC23553;47;3
CC71707;38;3
CC24731;33;3
CC64410;38;3
CC73368;22;3
CC50606;42;3
CC75139;37;3
CC71673;48;3
CC53518;32;3
CC43466;20;3
CC72038;45;3
CC72381;27;3
CC36162;25;3
CC42255;50;3
CC43511;46;3
CC75787;48;3
CC17664;39;3
CC27250;29;3
CC75165;38;3
CC20827;48;3
CC34250;36;3
CC86540;40;3
CC22540;20;3
CC86963;21;3
CC87440;21;3
CC81050;27;3
CC63094;31;3
CC90246;35;3
CC33451;27;3
CC84203;49;3
CC42498;42;3
CC23046;42;3
CC13432;31;3
CC96275;50;3
CC73398;36;3
CC46323;25;3
CC27999;32;3
CC28847;29;3
CC33646;21;3
CC54601;21;3
CC73644;31;3
CC26635;50;3
CC28550;32;3
CC83461;42;3
CC85408;32;3
CC91205;26;3
CC25990;42;3
CC50445;46;3
CC15368;42;3
CC96813;45;3
CC17463;26;3
CC57697;43;3
CC25529;34;3
CC21822;50;3
CC81203;40;3
CC82870;46;3
CC26202;50;3
CC94497;43;3
CC90586;34;3
CC72358;20;3
CC29591;41;3
CC51486;48;3
CC55108;44;3
CC91167;50;3
CC79474;21;3
CC20059;24;3
CC97928;47;3
CC92502;50;3
CC54560;27;3
CC26636;50;3
CC64297;44;3
CC26082;29;3
CC95021;33;3
CC13757;28;3
CC58777;44;3
CC19120;36;3
CC63476;49;3
CC70201;38;3
CC86159;32;3
CC54653;37;3
CC44094;43;3
CC94769;49;3
CC37064;24;3
CC35315;46;3
CC12618;34;3
CC25957;37;3
CC79869;47;3
CC89658;39;3
CC39398;43;3
CC48971;28;3
CC37090;35;3
CC71658;34;3
CC24630;40;3
CC25633;24;3
CC75737;28;3
CC49129;37;3
CC23320;32;3
CC58869;28;3
CC36732;47;3
CC58963;25;3
CC27616;33;3
CC79077;25;3
CC71781;41;3
CC68216;50;3
CC96619;27;3
CC77814;48;3
CC41498;32;3
CC36682;34;3
CC23752;29;3
CC38989;28;3
CC54401;49;3
CC53743;41;3
CC93261;27;3
CC27190;41;3
CC26192;33;3
CC83100;26;3
CC62384;25;3
CC64590;30;3
CC12696;34;3
CC79308;26;3
CC74513;50;3
CC85735;46;3
CC16643;42;3
CC40894;26;3
CC70711;25;3
CC27394;49;3
CC28432;31;3
CC60665;24;3
CC81126;38;3
CC20892;27;3
CC43943;23;3
CC88369;48;3
CC71553;46;3
CC38556;49;3
CC94395;49;3
CC63958;47;3
CC42819;23;3
CC63429;22;3
CC28500;23;3
CC26752;36;3
CC46523;31;3
CC89911;24;3
CC43632;50;3
CC90737;47;3
CC61573;21;3
CC14152;38;3
CC97847;29;3
CC22717;27;3
CC19389;47;3
CC52282;36;3
CC87959;47;3
CC52316;49;3
CC15737;24;3
CC15963;20;3
CC13717;23;3
CC82250;43;3
CC52429;25;3
CC36743;31;3
CC31513;44;3
CC23297;21;3
CC63418;27;3
CC87932;21;3
CC43475;31;3
CC68746;28;3
CC68655;24;3
CC31667;41;3
CC42771;40;3
CC89782;27;3
CC63719;35;3
CC21264;49;3
CC88741;50;3
CC83812;34;3
CC70529;47;3
CC54248;46;3
CC46844;21;3
CC53218;38;3
CC45515;36;3
CC63702;42;3
CC20482;27;3
CC29603;30;3
CC99573;33;3
CC61652;41;3
CC63204;29;3
CC36087;20;3
CC43051;41;3
CC21984;24;3
CC17001;32;3
CC71413;20;3
CC42054;50;3
CC22655;39;3
CC40059;32;3
CC54369;41;3
CC65059;42;3
CC26180;42;3
CC19559;32;3
CC24002;39;3
CC12190;29;3
CC73723;42;3
CC60289;50;3
CC66432;30;3
CC22408;22;2
CC78515;29;2
CC38756;33;2
CC36205;41;2
CC29508;39;2
CC93653;49;2
CC41266;45;2
CC97513;27;2
CC56979;24;2
CC54805;29;2
CC43904;39;2
CC88723;49;2
CC22699;31;2
CC56114;39;2
CC53874;20;2
CC91044;28;2
CC91668;27;2
CC33693;29;2
CC95436;50;2
CC64510;27;2
CC62645;20;2
CC29650;50;2
CC81473;43;2
CC53999;33;2
CC51331;50;2
CC14238;35;2
CC98977;48;2
CC54441;49;2
CC35524;39;2
CC53934;46;2
CC48475;49;2
CC92328;21;2
CC59455;25;2
CC47975;24;2
CC57315;21;2
CC47347;27;2
CC23739;46;2
CC75523;33;2
CC94128;34;2
CC70730;29;2
CC44826;25;2
CC17228;27;2
CC77745;48;2
CC57642;30;2
CC45342;39;2
CC11847;50;2
CC89660;30;2
CC86371;20;2
CC55668;30;2
CC50073;26;2
CC35891;27;2
CC84327;47;2
CC16690;44;2
CC76766;33;2
CC24856;43;2
CC38661;33;2
CC85587;40;2
CC89092;40;2
CC66256;35;2
CC86100;42;2
CC63657;36;2
CC27356;28;2
CC18424;47;2
CC40264;28;2
CC83396;37;2
CC14508;20;2
CC28055;31;2
CC97691;41;2
CC74129;34;2
CC28054;49;2
CC28747;44;2
CC48096;38;2
CC58500;42;2
CC89980;24;2
CC47304;30;2
CC52669;30;2
CC45544;48;2
CC59481;43;2
CC27362;35;2
CC24379;31;2
CC87520;26;2
CC63918;20;2
CC74385;32;2
CC32340;25;2
CC26680;49;2
CC18741;36;2
CC72459;38;2
CC87142;36;2
CC92336;34;2
CC60575;27;2
CC36748;27;2
CC29849;43;2
CC72438;45;2
CC74712;42;2
CC66744;47;2
CC16446;21;2
CC62837;43;2
CC23127;48;2
CC19745;21;2
CC97796;46;2
CC35248;23;2
CC16616;44;2
CC84730;49;2
CC78939;39;2
CC80192;43;2
CC13207;35;2
CC21875;21;2
CC80438;27;2
CC26034;42;2
CC28333;45;2
CC67048;25;2
CC62148;49;2
CC50256;31;2
CC34904;20;2
CC92581;33;2
CC61138;25;2
CC98567;21;2
CC68362;35;2
CC50747;42;2
CC84943;40;2
CC24836;42;2
CC68567;31;2
CC43321;38;2
CC37663;37;2
CC82368;49;2
CC90480;41;2
CC52416;49;2
CC30650;43;2
CC40811;42;2
CC62651;31;2
CC93099;40;2
CC78480;42;2
CC38107;25;2
CC11868;28;2
CC83868;20;2
CC44646;36;2
CC15079;27;2
CC74996;37;2
CC12756;44;2
CC60677;36;2
CC47609;29;2
CC36896;29;2
CC93045;20;2
CC82949;44;2
CC43542;32;2
CC85200;38;2
CC18166;41;2
CC90837;47;2
CC66365;29;2
CC22815;20;2
CC41018;32;2
CC73813;28;2
CC80359;23;2
CC42942;39;2
CC55037;45;2
CC93299;25;2
CC17052;20;2
CC62311;26;2
CC54227;24;2
CC29065;22;2
CC79730;38;2
CC85400;42;2
CC81956;48;2
CC59838;25;2
CC52744;38;2
CC78390;47;2
CC64171;33;2
CC46267;27;2
CC72605;29;2
CC87444;40;2
CC94605;42;2
CC55536;22;2
CC42022;33;2
CC37176;47;2
CC33931;34;2
CC11341;21;2
CC32126;46;2
CC17040;24;2
CC76032;46;2
CC75406;31;2
CC97077;37;2
CC78244;38;2
CC41432;28;2
CC49660;28;2
CC88042;26;2
CC63524;36;2
CC49493;42;2
CC33872;31;2
CC14547;42;2
CC69750;45;2
CC28205;30;2
CC80185;34;2
CC42152;23;2
CC48505;43;2
CC25139;41;2
CC75553;37;2
CC59578;21;2
CC21696;44;2
CC31767;50;2
CC26787;46;2
CC52293;33;2
CC52679;24;2
CC39723;22;2
CC65602;24;2
CC29424;45;2
CC80201;27;2
CC17315;50;2
CC85924;37;2
CC64378;44;2
CC36805;29;2
CC17943;47;2
CC62839;49;2
CC90822;44;2
CC43916;34;2
CC62883;43;2
CC45361;24;2
CC14300;50;2
CC17398;45;2
CC81835;46;2
CC74769;27;2
CC30004;50;2
CC84723;43;2
CC26924;36;2
CC63729;20;2
CC85599;32;2
CC65030;20;2
CC92498;38;2
CC81487;30;2
CC14265;20;2
CC73629;40;2
CC94725;36;2
CC88559;38;2
CC65361;25;2
CC77710;35;2
CC11701;47;2
CC17284;39;2
CC65435;46;2
CC22795;43;2
CC28930;22;2
CC60915;35;2
CC62905;43;2
CC30143;34;2
CC13488;41;2
CC42109;39;2
CC99214;46;2
CC15148;49;2
CC86170;45;2
CC52658;45;2
CC78536;48;2
CC33692;23;2
CC14871;44;2
CC44575;38;2
CC96624;44;2
CC63827;32;2
CC86615;38;2
CC77401;20;2
CC86189;50;2
CC33409;49;2
CC86167;23;2
CC38454;25;2
CC16917;34;2
CC41948;28;2
CC80376;40;2
CC39573;30;2
CC60307;28;2
CC16465;23;2
CC62849;42;2
CC28083;46;2
CC45837;35;2
CC81751;35;2
CC29396;34;2
CC47607;25;2
CC90683;27;2
CC80365;28;2
CC87002;43;2
CC49915;43;2
CC62021;50;2
CC56172;42;2
CC51692;48;2
CC14838;37;2
CC68211;27;2
CC74650;49;2
CC29689;38;2
CC67513;45;2
CC34442;41;2
CC12070;24;2
CC80230;43;2
CC91465;23;2
CC67647;28;2
CC59936;42;2
CC88505;37;2
CC57725;37;2
CC94806;21;2
CC31581;39;2
CC57099;40;2
CC72372;37;2
CC90126;44;2
CC26053;37;2
CC12280;50;2
CC39844;50;2
CC29333;25;2
CC17862;32;2
CC74004;42;2
CC44005;35;2
CC89580;36;2
CC89245;34;2
CC69957;30;2
CC16898;34;2
CC88261;28;2
CC70513;37;2
CC66123;29;2
CC30430;47;2
CC73765;41;2
CC30103;50;2
CC80697;34;2
CC15302;20;2
CC84843;29;2
CC79709;38;2
CC41644;31;2
CC97137;47;2
CC69709;38;2
CC90047;27;2
CC53867;31;2
CC39676;31;2
CC52335;31;2
CC32263;25;2
CC59417;35;2
CC55217;31;2
CC28788;28;2
CC95072;48;2
CC12714;40;2
CC58660;48;2
CC62685;31;2
CC18497;28;2
CC86573;49;2
CC57667;42;2
CC74986;26;2
CC14925;49;2
CC95264;44;2
CC78117;49;2
CC52733;27;2
CC98124;23;2
CC61346;50;2
CC64286;44;2
CC94096;22;2
CC50318;45;2
CC92575;26;2
CC38945;38;2
CC17313;24;2
CC49614;50;2
CC93508;27;2
CC88401;31;2
CC50631;50;2
CC66760;21;2
CC21329;22;2
CC58206;35;2
CC33219;48;2
CC33542;47;2
CC90518;50;2
CC80642;47;2
CC35901;31;2
CC97990;49;2
CC46890;48;2
CC98469;28;2
CC77177;40;2
CC40083;44;2
CC14886;43;2
CC90295;46;2
CC34981;35;2
CC65325;27;2
CC14846;33;2
CC49981;28;2
CC38942;43;2
CC72472;41;2
CC45308;35;2
CC31625;36;2
CC96556;47;2
CC63262;40;2
CC70966;41;2
CC63652;37;2
CC30013;37;2
CC40376;32;2
CC24984;22;2
CC15956;35;2
CC24814;40;2
CC72161;25;2
CC33785;24;2
CC35454;36;2
CC42627;21;2
CC15544;38;2
CC72009;44;2
CC89381;35;2
CC17836;23;2
CC94240;38;2
CC83556;30;2
CC53825;38;2
CC74822;31;2
CC47840;38;2
CC88575;41;2
CC20686;34;2
CC70382;31;2
CC63145;48;2
CC41984;44;2
CC82239;43;2
CC90536;39;2
CC46609;35;2
CC82471;23;2
CC27967;44;2
CC69063;36;2
CC54087;22;2
CC65981;41;2
CC90731;34;2
CC56232;36;2
CC40879;33;2
CC99371;26;2
CC15869;35;2
CC74557;22;2
CC23630;22;2
CC42108;31;2
CC11240;25;2
CC71924;49;2
CC49911;27;2
CC83281;30;2
CC60965;32;2
CC23289;27;2
CC15044;49;2
CC81877;33;2
CC51058;45;2
CC37662;23;2
CC41986;33;2
CC58676;32;2
CC81460;31;2
CC89835;38;2
CC62622;35;2
CC46138;30;2
CC52643;29;2
CC91311;33;2
CC52628;50;2
CC75279;46;2
CC77650;50;2
CC54388;24;2
CC71838;36;2
CC20072;47;2
CC72254;37;2
CC34812;33;2
CC89300;22;2
CC24285;22;2
CC51714;48;2
CC86849;46;2
CC89089;40;2
CC84765;20;2
CC36020;50;2
CC72426;43;2
CC82718;29;2
CC16787;39;2
CC40701;33;2
CC14527;33;1
CC66906;50;1
CC46008;44;1
CC94680;47;1
CC21084;41;1
CC64731;25;1
CC36845;36;1
CC58936;40;1
CC94068;27;1
CC85805;42;1
CC24408;45;1
CC37409;37;1
CC87007;37;1
CC60949;31;1
CC22388;20;1
CC85548;24;1
CC79999;50;1
CC69739;46;1
CC70476;49;1
CC21759;28;1
CC40007;43;1
CC15300;47;1
CC37191;50;1
CC41919;21;1
CC90981;48;1
CC66951;31;1
CC77471;23;1
CC12378;28;1
CC47868;21;1
CC68507;25;1
CC12428;43;1
CC19293;35;1
CC40333;36;1
CC75362;40;1
CC60387;45;1
CC58359;21;1
CC25305;37;1
CC36491;38;1
CC75750;37;1
CC65298;24;1
CC67153;28;1
CC62865;33;1
CC85867;37;1
CC96150;26;1
CC78300;48;1
CC59516;37;1
CC61712;41;1
CC67663;37;1
CC35308;25;1
CC32722;47;1
CC23021;31;1
CC38842;29;1
CC59362;50;1
CC14699;22;1
CC70215;21;1
CC31737;39;1
CC22615;33;1
CC98098;31;1
CC20116;37;1
CC28589;29;1
CC96723;30;1
CC85592;38;1
CC23711;44;1
CC52716;24;1
CC76644;50;1
CC49423;46;1
CC75368;40;1
CC19707;39;1
CC49997;41;1
CC79161;34;1
CC21239;32;1
CC52992;38;1
CC56382;32;1
CC82286;44;1
CC17864;38;1
CC70110;48;1
CC71332;45;1
CC31359;36;1
CC85627;32;1
CC24299;46;1
CC33963;38;1
CC77060;25;1
CC88797;41;1
CC96600;44;1
CC41313;21;1
CC70501;21;1
CC32885;29;1
CC43012;36;1
CC41656;28;1
CC74753;38;1
CC77272;24;1
CC31050;49;1
CC38453;35;1
CC88208;49;1
CC86539;26;1
CC24265;48;1
CC15553;49;1
CC49109;35;1
CC56230;32;1
CC84974;31;1
CC66329;40;1
CC43495;20;1
CC38711;43;1
CC54018;43;1
CC21610;29;1
CC23156;38;1
CC92515;34;1
CC23178;39;1
CC85812;41;1
CC42332;25;1
CC70138;23;1
CC26037;41;1
CC25429;27;1
CC92855;50;1
CC50067;37;1
CC14128;20;1
CC59683;20;1
CC38368;26;1
CC20375;50;1
CC98810;40;1
CC87764;29;1
CC25082;24;1
CC64508;36;1
CC19496;40;1
CC74706;28;1
CC97403;34;1
CC22866;47;1
CC33154;38;1
CC18744;30;1
CC35153;20;1
CC52434;40;1
CC75548;35;1
CC88073;25;1
CC86165;42;1
CC57327;33;1
CC73573;32;1
CC56005;20;1
CC30297;27;1
CC89463;36;1
CC51981;48;1
CC92115;22;1
CC38028;24;1
CC90127;43;1
CC99835;47;1
CC52337;20;1
CC44929;41;1
CC24472;29;1
CC83027;47;1
CC92674;23;1
CC13723;44;1
CC35644;42;1
CC14061;44;1
CC74215;48;1
CC35975;24;1
CC43352;43;1
CC49026;38;1
CC60357;43;1
CC86868;42;1
CC51263;34;1
CC86961;29;1
CC73045;23;1
CC47195;24;1
CC51436;45;1
CC50853;45;1
CC54107;43;1
CC79668;42;1
CC59433;25;1
CC70489;27;1
CC88019;45;1
CC57452;34;1
CC80022;31;1
CC97369;50;1
CC31175;20;1
CC82247;49;1
CC31440;44;1
CC49401;36;1
CC26475;50;1
CC29524;49;1
CC50482;30;1
CC17122;29;1
CC84066;28;1
CC48892;35;1
CC37860;44;1
CC45879;39;1
CC36381;29;1
CC76074;22;1
CC66513;38;1
CC12715;45;1
CC62124;37;1
CC22196;30;1
CC89649;39;1
CC50243;44;1
CC96151;47;1
CC86755;34;1
CC62190;29;1
CC57235;22;1
CC25394;45;1
CC64850;47;1
CC25039;20;1
CC85086;38;1
CC62401;35;1
CC47739;26;1
CC53143;26;1
CC60693;35;1
CC48877;45;1
CC95717;43;1
CC89267;46;1
CC77218;48;1
CC69186;26;1
CC60586;21;1
CC73769;29;1
CC31218;25;1
CC72940;37;1
CC57401;42;1
CC68869;47;1
CC34868;34;1
CC26783;38;1
CC71515;36;1
CC80696;36;1
CC24999;21;1
CC55114;38;1
CC43195;41;1
CC53348;46;1
CC37208;49;1
CC86452;32;1
CC45377;44;1
CC11670;25;1
CC23123;25;1
CC77017;45;1
CC59978;31;1
CC73287;22;1
CC82699;28;1
CC76575;45;1
CC28870;50;1
CC62919;37;1
CC18523;50;1
CC91157;41;1
CC54990;31;1
CC96344;37;1
CC77402;39;1
CC92638;22;1
CC25258;33;1
CC51233;38;1
CC86641;21;1
CC72957;23;1
CC25862;48;1
CC91870;26;1
CC60362;26;1
CC45510;48;1
CC26452;50;1
CC26733;25;1
CC51407;27;1
CC88519;41;1
CC60926;24;1
CC26387;25;1
CC22215;43;1
CC13127;43;1
CC97840;49;1
CC44192;29;1
CC57466;36;1
CC30320;33;1
CC86444;21;1
CC92316;44;1
CC49547;48;1
CC44832;35;1
CC66206;33;1
CC40444;23;1
CC14557;32;1
CC89958;39;1
CC31162;50;1
CC19225;41;1
CC35100;25;1
CC30606;29;1
CC39087;26;1
CC83355;35;1
CC91931;38;1
CC49076;28;1
CC78942;34;1
CC73016;22;1
CC95851;33;1
CC69920;35;1
CC74605;31;1
CC86350;28;1
CC68283;46;1
CC13842;38;1
CC82647;35;1
CC70427;31;1
CC58845;29;1
CC29740;27;1
CC33687;22;1
CC87947;24;1
CC30584;29;1
CC26492;49;1
CC35077;50;1
CC61853;40;1
CC65116;50;1
CC79371;25;1
CC76117;23;1
CC67088;27;1
CC14643;39;1
CC86934;21;1
CC40632;31;1
CC35285;37;1
CC96195;35;1
CC52195;28;1
CC28605;30;1
CC47233;36;1
CC50593;24;1
CC56295;45;1
CC74789;38;1
CC38243;27;1
CC84423;46;1
CC39035;42;1
CC19277;41;1
CC67371;25;1
CC85864;29;1
CC53048;23;1
CC14275;20;1
CC63365;39;1
CC77197;42;1
CC53749;45;1
CC28159;24;1
CC84325;35;1
CC24986;38;1
CC35576;39;1
CC53662;45;1
CC45171;33;1
CC15107;44;1
CC63063;30;1
CC80472;20;1
CC34823;45;1
CC38888;45;1
CC75142;36;1
CC38203;36;1
CC61172;21;1
CC69013;31;1
CC20660;38;1
CC87601;45;1
CC38523;20;1
CC51367;24;1
CC82932;30;1
CC89462;25;1
CC93706;21;1
CC50693;27;1
CC56023;28;1
CC80484;32;1
CC64537;39;1
CC32324;27;1
CC74654;44;1
CC98259;50;1
CC27839;44;1
CC11690;24;1
CC78487;21;1
CC12925;49;1
CC79769;47;1
CC25296;49;1
CC28919;25;1
CC17125;20;1
CC17979;23;1
CC96167;24;1
CC61466;41;1
CC53179;37;1
CC90178;37;1
CC78980;30;1
CC90395;29;1
CC22148;39;1
CC34148;33;1
CC55350;38;1
CC47294;50;1
CC84561;32;1
CC23116;42;1
CC48666;34;1
CC90132;31;1
CC64924;32;1
CC67117;37;1
CC56002;49;1
CC81898;27;1
CC20909;35;1
CC73202;50;1
CC19704;30;1
CC16925;50;1
CC86914;20;1
CC12895;35;1
CC69647;43;1
CC73127;25;1
CC40052;23;1
CC99343;31;1
CC69761;26;1
CC52794;36;1
CC99100;22;1
CC37966;21;1
CC78491;25;1
CC85773;49;1
CC24726;31;1
CC35155;38;1
CC44724;35;1
CC62915;28;1
CC61080;30;1
CC64839;25;1
CC84620;44;1
CC91869;47;1
CC98518;20;1
CC65085;47;1
CC85447;24;1
CC78971;26;1
CC91800;24;1
CC74633;27;1
CC62204;30;1
CC12883;23;1
CC24542;32;1
CC47986;42;1
CC60553;35;1
CC66286;44;1
CC99458;24;1
CC67398;32;1
CC64586;44;1
CC46186;33;1
CC59320;34;1
CC48737;36;1
CC34037;30;1
CC16591;45;1
CC28074;42;1
CC76523;46;1
CC30484;20;1
CC70826;20;1
CC28795;33;1
CC46579;49;1
CC78552;39;1
CC36103;26;1
CC23792;39;1
CC82412;38;1
CC18439;24;1
CC43179;28;1
CC41796;43;1
CC20937;40;1
CC31344;33;1
CC93230;47;1
CC39083;40;1
CC57839;31;1
CC46201;43;1
CC83573;32;1
CC96869;47;1
CC47743;49;1
CC74858;36;1
CC66371;49;1
CC97054;23;1
CC70113;24;1
CC34360;50;1
CC26762;23;1
CC45774;21;1
CC34227;22;1
CC56643;20;1
CC33443;37;1
CC53822;43;1
CC87424;47;1
CC62855;32;1
CC37326;36;1
CC60164;39;1
CC98445;20;1
CC26307;47;1
CC26674;40;1
CC43290;23;1
CC37313;41;1
CC52088;36;1
CC90060;20;1
CC84048;49;1
CC69301;21;1
CC63636;34;1
CC22628;40;1
CC63215;45;1
CC17515;43;1
CC84799;45;1
CC77205;31;1
CC62979;23;1
CC37004;35;1
CC12087;47;1
CC78989;22;1
CC30342;24;1
CC37183;30;1
CC79282;38;1
CC58169;32;1
CC52681;47;1
CC99452;40;1
CC31781;48;1
CC52481;45;1
CC78042;27;1
CC53398;37;1
CC67334;31;1
CC97559;27;1
CC52097;30;1
CC43690;24;1
CC35616;29;1
CC92397;23;1
CC23426;35;1
CC14408;20;1
CC87026;44;1
CC37676;46;1
CC81412;20;1
CC49006;35;1
CC35105;30;1
CC73021;35;1
CC58114;29;1
CC23352;31;1
CC54898;45;1
CC60339;33;1
CC39164;40;1
CC86399;22;1
CC27311;44;1
CC95833;41;1
CC23290;33;1
CC41343;28;1
CC65340;46;1
CC42859;27;1
CC19557;50;1
CC16433;48;1
CC82615;48;1
CC90548;45;1
CC97261;29;1
CC48366;39;1
CC82097;48;1
CC49985;23;1
CC58027;25;1
CC19845;43;1
CC29383;29;1
CC69117;48;1
CC41249;39;1
CC34075;48;1
CC38858;41;1
CC77928;31;1
CC92850;27;1
CC65404;37;1
CC20434;33;1
CC75045;31;1
CC43524;44;1
CC56532;50;1
CC41516;20;1
CC40194;28;1
CC52491;44;1
CC94377;47;1
CC90595;40;1
CC46637;33;1
CC24460;34;1
CC64157;42;1
CC49476;32;1
CC72679;24;1
CC87256;37;1
CC44667;50;1
CC38657;25;1
CC75328;36;1
CC52777;49;1
CC73789;50;1
CC49143;39;1
CC54216;32;1
CC44526;21;1
CC76606;49;1
CC70648;20;1
CC23955;48;1
CC67250;49;1
CC46521;44;1
CC37710;45;1
CC95257;34;1
CC24833;29;1
CC45225;31;1
CC36223;35;1
CC17697;47;1
CC54417;37;1
CC18507;33;1
CC47753;44;1
CC36218;40;1
CC24350;24;1
CC13309;50;1
CC70229;47;1
CC44822;31;1
CC61974;22;1
CC70722;22;1
CC24484;50;1
CC63416;35;1
CC25883;43;1
CC85309;33;1
CC94192;41;1
CC66380;45;1
CC23717;38;1
CC40474;32;1
CC89762;30;1
CC21723;31;1
CC40526;33;1
CC99554;36;1
CC30221;24;1
CC45888;49;1
CC85300;25;1
CC75981;28;1
CC83893;27;1
CC92276;49;1
CC25850;30;1
CC85001;42;1
CC93165;44;1
CC29855;36;1
CC52338;31;1
CC17112;25;1
CC45370;29;1
CC19135;50;1
CC84372;35;1
CC40998;25;1
CC40103;31;1
CC73426;44;1
CC35410;22;1
CC41444;41;1
CC23970;42;1
CC56889;37;1
CC64813;48;1
CC12774;26;1
CC61365;30;1
CC92680;36;1
CC75728;26;1
CC52647;44;1
CC39624;43;1
CC98654;36;1
CC76282;26;1
CC66647;46;1
CC98323;21;1
CC38675;29;1
CC46845;49;1
CC78908;41;1
CC22137;36;1
CC26386;29;1
CC15271;32;1
CC65157;45;1
CC11569;20;1
CC62924;35;1
CC59958;47;1
CC91332;22;1
CC63500;23;1
CC82273;39;1
CC89430;47;1
CC39163;29;1
CC38974;30;1
CC44009;32;1
CC99656;35;1
CC82692;37;1
CC12194;46;1
CC79530;26;1
CC36724;27;1
CC15201;49;1
CC27265;43;1
CC59312;28;1
CC88190;36;1
CC83165;37;1
CC78268;22;1
CC98612;40;1
CC36771;50;1
CC66520;32;1
CC96267;24;1
CC20860;41;1
CC79857;36;1
CC24465;36;1
CC76691;43;1
CC90696;20;1
CC93729;35;1
CC84115;31;1
CC96972;22;1
CC64993;34;1
CC70762;48;1
CC26701;25;1
CC60886;38;1
CC99402;23;1
CC20868;43;1
CC64495;42;1
CC13228;41;1
CC60322;26;1
CC41836;47;1
CC86344;33;1
CC73804;42;1
CC31579;50;1
CC72089;46;1
CC72851;37;1
CC38201;23;1
CC88169;34;1
CC69203;32;1
CC45414;30;1
CC77936;28;1
CC31083;36;1
CC76587;29;1
CC96697;25;1
CC24086;24;1
CC13711;28;1
CC68821;23;1
CC45284;26;1
CC68894;37;1
CC34028;45;1
CC80702;29;1
CC66146;36;1
CC20989;42;1
CC57584;41;1
CC26583;36;1
CC72281;26;1
CC92005;34;1
CC41899;38;1
CC79103;50;1
CC73529;30;1
CC66434;49;1
CC26116;36;1
CC53482;41;1
CC39675;33;1
CC75209;25;1
CC74536;47;1
CC53023;50;1
CC67362;41;1
CC43239;44;1
CC32047;36;1
CC25566;29;1
CC63338;48;1
CC95288;26;1
CC69877;37;1
CC74592;47;1
CC95502;25;1
CC92905;41;1
CC87381;47;1
CC21717;34;1
CC68444;23;1
CC13394;44;1
CC47136;36;1
CC18712;32;1
CC81328;43;1
CC48376;50;1
CC37161;41;1
CC77101;50;1
CC89297;26;1
CC96530;30;1
CC70728;26;1
CC56366;25;1
CC58116;44;1
CC72601;40;1
CC85277;30;1
CC92596;39;1
CC34843;45;1
CC84634;46;1
CC68239;29;1
CC56913;42;1
CC67107;32;1
CC16980;34;1
CC28344;23;1
CC55214;24;1
CC13778;33;1
CC49733;37;1
CC12360;49;1
CC74718;33;1
CC88463;33;1
CC56525;41;1
CC29876;32;1
CC37404;50;1
CC23848;45;1
CC70927;37;1
CC70027;26;1
CC61522;28;1
CC71598;40;1
CC55117;43;1
CC33754;49;1
CC31967;32;1
CC27440;42;1
CC83671;40;1
CC56840;26;1
CC92535;39;1
CC62069;35;1
CC76049;31;1
CC40541;48;1
CC53227;35;1
CC28416;48;1
CC21497;45;1
CC91990;25;1
CC35502;25;1
CC20216;41;1
CC73069;24;1
CC52817;46;1
CC36913;41;1
CC84955;37;1
CC28656;32;1
CC38192;47;1
CC19302;27;1
CC29604;21;1
CC19186;30;1
CC14023;25;1
CC37297;23;1
CC97018;28;1
CC31110;34;1
CC80882;43;1
CC22403;38;1
CC23204;36;1
CC51235;45;1
CC16355;43;1
CC52916;25;1
CC51936;43;1
CC92605;28;1
CC94396;49;1
CC80090;28;1
CC34271;49;1
CC79047;40;1
CC89293;34;1
CC68859;40;1
CC77963;32;1
CC89163;27;1
CC32764;49;1
CC59494;37;1
CC44746;40;1
CC69623;31;1
CC20981;28;1
CC49112;20;1
CC67331;24;1
CC46722;49;1
CC70146;48;1
CC21046;32;1
CC31125;24;1
CC71352;22;1
CC11846;24;1
CC24016;34;1
CC71416;46;1
CC59100;20;1
CC39710;49;1
CC68952;47;1
CC97726;43;1
CC43929;34;1
CC37155;46;1
CC15547;43;1
CC57682;30;1
CC21747;37;1
CC22460;20;1
CC71044;31;1
CC41359;47;1
CC28842;24;1
CC14829;48;1
CC34642;26;1
CC55818;28;1
CC59702;33;1
CC61103;48;1
CC71948;37;1
CC28481;28;1
CC66080;32;1
CC25140;24;1
CC68634;23;1
CC15155;35;1
CC68259;50;1
CC87266;40;1
CC96225;43;1
CC35929;50;1
CC50761;32;1
CC81988;43;1
CC39054;20;1
CC78432;47;1
CC77125;41;1
CC39724;40;1
CC62968;44;1
CC56332;48;1
CC53625;37;1
CC78926;42;1
CC24755;50;1
CC33587;22;1
CC35724;33;1
CC28297;25;1
CC80237;48;1
CC34182;36;1
CC89998;48;1
CC96574;27;1
CC97445;25;1
CC20302;34;1
CC25846;49;1
CC31588;33;1
CC83391;20;1
CC16830;43;1
CC13043;21;1
CC78921;48;1
CC88728;28;1
CC32649;38;1
CC88818;22;1
CC61789;38;1
CC73518;23;1
CC31163;34;1
CC79603;29;1
CC70572;31;3
CC24577;40;3
CC41399;28;3
CC89286;22;3
CC25221;29;3
CC67263;26;3
CC88216;42;3
CC46132;27;3
CC99912;30;3
CC65123;29;3
CC14901;49;3
CC93818;42;3
CC59089;48;3
CC66035;24;3
CC64772;37;3
CC65541;41;3
CC67479;32;3
CC52226;27;3
CC67973;46;3
CC19145;34;3
CC57286;20;3
CC69807;39;3
CC93833;36;3
CC83854;48;3
CC56528;48;3
CC99202;43;3
CC99577;43;3
CC80138;32;3
CC80600;34;3
CC16298;36;3
CC87348;47;3
CC56779;42;3
CC50013;36;3
CC82921;23;3
CC84597;33;3
CC44312;42;3
CC93554;30;3
CC56862;35;3
CC93493;43;3
CC32914;43;3
CC86740;38;3
CC97571;49;3
CC45603;27;3
CC14439;31;3
CC49661;43;3
CC83316;38;3
CC34837;45;3
CC67546;50;3
CC57724;47;3
CC84337;21;3
CC44285;21;3
CC34210;39;3
CC21120;49;3
CC55425;20;3
CC64774;45;3
CC13515;46;3
CC44896;30;3
CC76533;24;3
CC21612;41;3
CC23811;39;3
CC27074;29;3
CC32268;45;3
CC23897;27;3
CC62220;31;3
CC15944;36;3
CC98892;45;3
CC37167;41;3
CC46585;46;3
CC58756;37;3
CC22328;45;3
CC41675;34;3
CC99582;27;3
CC24173;37;3
CC79261;46;3
CC42383;46;3
CC65592;31;3
CC24638;24;3
CC85434;42;3
CC70045;49;3
CC83798;39;3
CC79631;26;3
CC33423;46;3
CC54659;28;3
CC12238;46;3
CC14086;44;3
CC19491;29;3
CC52267;22;3
CC91533;42;3
CC63449;26;3
CC21890;21;3
CC22798;20;3
CC79037;22;3
CC42963;31;3
CC25645;21;3
CC93947;44;3
CC57139;46;3
CC18939;31;3
CC50220;37;3
CC49066;27;3
CC56451;29;3
CC97386;23;3
CC56647;37;3
CC11272;32;3
CC95143;49;3
CC51511;45;3
CC70216;30;3
CC32016;20;3
CC36061;38;3
CC97280;46;3
CC99952;43;3
CC95241;44;3
CC68592;40;3
CC73433;49;3
CC84927;45;3
CC84224;27;3
CC39639;44;3
CC53544;26;3
CC28907;36;3
CC76319;37;3
CC14039;34;3
CC40690;21;3
CC82802;30;3
CC59901;41;3
CC46781;21;3
CC25058;28;3
CC28629;25;3
CC80563;25;3
CC49800;39;3
CC33841;28;3
CC89156;29;3
CC74270;38;3
CC45217;48;3
CC16413;45;3
CC52610;38;3
CC49748;24;3
CC15634;28;3
CC82644;34;3
CC48439;50;3
CC70936;46;3
CC93809;23;3
CC63383;28;3
CC18529;27;3
CC83193;48;3
CC44154;28;3
CC93291;25;3
CC28571;22;3
CC45399;30;3
CC81393;25;3
CC41080;27;3
CC77908;32;3
CC93761;50;3
CC21974;37;3
CC82986;35;3
CC98509;22;3
CC31079;46;3
CC11223;44;3
CC87763;28;3
CC17167;25;3
CC66984;28;3
CC21258;27;3
CC12744;43;3
CC15027;23;3
CC65218;36;3
CC44582;20;3
CC54482;40;3
CC40973;49;3
CC20730;39;3
CC29566;41;3
CC23434;35;3
CC44170;45;3
CC78165;36;3
CC45078;39;3
CC49677;45;3
CC69616;21;3
CC45907;29;3
CC50919;37;3
CC16524;40;3
CC19411;37;3
CC65812;50;3
CC18869;27;3
CC84463;26;3
CC43696;45;3
CC33286;50;3
CC52465;50;3
CC71499;23;3
CC31470;27;3
CC67792;42;3
CC65840;38;3
CC76601;29;3
CC63828;21;3
CC22573;39;3
CC62587;20;3
CC90202;28;3
CC38880;25;3
CC49276;45;3
CC75364;44;3
CC97762;46;3
CC71099;23;3
CC79060;36;3
CC63178;47;3
CC35522;35;3
CC68644;27;3
CC39230;50;3
CC92313;23;3
CC93840;26;3
CC78153;27;3
CC35289;40;3
CC58211;48;3
CC55049;47;3
CC53950;40;3
CC57022;21;3
CC73510;26;3
CC77865;42;3
CC51598;44;3
CC85255;37;3
CC11524;46;3
CC62344;36;3
CC31194;28;3
CC17426;39;3
CC23557;27;3
CC55394;35;3
CC84260;24;3
CC72297;32;3
CC30640;46;3
CC56642;38;3
CC57472;32;3
CC28735;25;3
CC68578;29;3
CC24249;35;3
CC92965;33;3
CC82145;26;3
CC89116;50;3
CC50588;27;3
CC22299;34;3
CC50750;47;3
CC46813;48;3
CC44046;49;3
CC84470;29;3
CC12904;20;3
CC47469;32;3
CC35449;20;3
CC98395;35;3
CC50964;47;3
CC27225;22;3
CC45848;47;3
CC37463;41;3
CC83741;34;3
CC23701;27;3
CC83344;40;3
CC95312;38;3
CC27900;37;3
CC95243;44;3
CC53528;28;3
CC38477;49;3
CC59176;45;3
CC65438;31;3
CC89188;25;3
CC28834;35;3
CC46342;22;3
CC65624;39;3
CC63558;43;3
CC37044;46;3
CC81711;45;3
CC82538;49;3
CC20928;49;3
CC68274;38;3
CC68415;36;3
CC64783;37;3
CC39773;29;3
CC29495;45;3
CC34223;26;3
CC59857;48;3
CC14385;29;3
CC19757;47;3
CC74418;29;3
CC61501;35;3
CC96512;38;3
CC19542;44;3
CC74357;40;3
CC69438;26;3
CC49883;25;3
CC89196;30;3
CC17637;42;3
CC42198;29;3
CC17520;23;3
CC82872;32;3
CC24673;38;3
CC70958;38;3
CC60635;33;3
CC93684;22;3
CC65836;21;3
CC41101;33;3
CC61368;39;3
CC87106;43;3
CC11974;47;3
CC91226;46;3
CC63240;32;3
CC75104;40;3
CC95043;25;3
CC20731;25;3
CC77356;32;3
CC89628;27;3
CC15122;36;3
CC46434;42;3
CC50410;46;3
CC69109;48;3
CC22053;45;3
CC84129;27;3
CC11997;45;3
CC35458;25;3
CC68660;30;3
CC23267;35;3
CC30561;27;3
CC34943;29;3
CC47309;40;3
CC24775;29;3
CC23017;40;3
CC85861;21;3
CC75749;27;3
CC70034;39;3
CC51114;39;3
CC62719;40;3
CC96937;43;3
CC33622;45;3
CC30745;26;3
CC71378;46;3
CC79524;34;3
CC37815;36;3
CC42415;36;3
CC33845;49;3
CC60216;47;3
CC53707;25;3
CC31319;26;3
CC78397;36;3
CC35925;41;3
CC87102;42;3
CC37816;46;3
CC98748;40;3
CC94507;36;3
CC71922;46;3
CC56890;33;3
CC43856;39;3
CC94154;38;3
CC65524;35;3
CC21464;50;3
CC53207;39;3
CC37450;30;3
CC68697;34;3
CC98770;43;3
CC35257;49;3
CC98334;22;3
CC50564;20;3
CC13361;29;3
CC60067;32;3
CC63460;45;3
CC32139;40;3
CC91090;22;3
CC53558;32;3
CC17263;50;3
CC62618;49;3
CC73378;36;3
CC86979;35;3
CC82816;45;3
CC31734;45;3
CC70426;44;3
CC54121;31;3
CC28026;20;3
CC97192;37;3
CC43570;33;3
CC37077;30;3
CC30389;26;3
CC96844;43;3
CC63246;47;3
CC13367;47;3
CC76314;22;3
CC22469;21;3
CC99154;35;3
CC21131;38;3
CC90309;20;3
CC83636;43;3
CC57759;32;3
CC57357;21;3
CC89344;22;3
CC89640;23;3
CC60077;44;3
CC19282;50;3
CC70338;29;3
CC69358;44;3
CC59959;38;3
CC54696;29;3
CC40482;34;3
CC24006;41;3
CC72504;34;3
CC15883;42;3
CC99313;48;3
CC67129;32;3
CC28882;32;3
CC51990;25;3
CC85035;20;3
CC27235;21;3
CC14884;48;3
CC65430;25;3
CC49710;27;3
CC87906;21;3
CC30273;35;3
CC32927;43;3
CC18995;27;3
CC40817;32;3
CC40131;35;3
CC65495;48;3
CC22716;45;3
CC88839;42;3
CC72196;43;3
CC25930;46;3
CC60931;22;3
CC62289;46;3
CC88674;38;3
CC16807;28;3
CC30961;27;3
CC64007;39;3
CC59638;38;3
CC48491;27;3
CC62261;48;3
CC50405;39;3
CC51281;50;3
CC75475;33;3
CC42236;25;3
CC69125;50;3
CC77163;38;3
CC70398;36;3
CC88243;28;3
CC62162;23;3
CC65112;46;3
CC26266;24;3
CC61002;49;3
CC52612;31;3
CC46087;42;3
CC31759;35;3
CC67648;21;3
CC29191;21;3
CC69206;35;3
CC11127;41;3
CC75386;28;3
CC52106;43;3
CC96194;29;3
CC63592;29;3
CC46538;42;3
CC61578;33;3
CC86861;46;3
CC42021;39;3
CC64131;44;3
CC59435;31;3
CC30160;25;3
CC33177;24;3
CC44894;47;3
CC17582;29;3
CC98004;29;3
CC84053;42;3
CC78449;23;3
CC32276;43;3
CC16746;46;3
CC39218;29;3
CC50231;31;3
CC65291;21;3
CC85190;20;3
CC20509;43;3
CC81137;28;3
CC45430;29;3
CC83293;23;3
CC35086;41;3
CC43350;39;3
CC11360;36;3
CC81621;25;3
CC29373;23;3
CC39514;48;3
CC99553;25;3
CC89574;44;3
CC34769;50;3
CC15135;41;3
CC52359;32;3
CC48982;48;3
CC32645;36;3
CC67707;20;3
CC79898;25;3
CC56637;43;3
CC26068;40;3
CC47380;35;3
CC26230;45;3
CC17048;29;3
CC19596;35;3
CC87823;46;3
CC29677;31;3
CC51607;22;3
CC22561;34;3
CC83477;22;3
CC27404;42;3
CC33515;49;3
CC56553;40;3
CC53024;46;3
CC88621;42;3
CC67308;50;3
CC81725;48;3
CC51190;36;3
CC58240;25;3
CC71049;24;3
CC22708;32;3
CC24545;38;3
CC53519;28;3
CC12212;41;3
CC53016;37;3
CC28812;49;3
CC21484;38;3
CC71843;30;3
CC36118;42;3
CC53373;44;3
CC36898;33;3
CC62604;36;3
CC93223;45;3
CC87414;24;3
CC25796;45;3
CC38598;25;3
CC35708;40;3
CC96183;41;3
CC23890;47;3
CC86951;22;3
CC84349;48;3
CC86583;27;3
CC74271;25;3
CC23111;42;3
CC16650;28;3
CC40616;26;3
CC95099;30;3
CC28071;48;3
CC79012;37;3
CC78589;49;3
CC52364;45;3
CC67292;33;3
CC82190;44;3
CC60110;22;3
CC13683;26;3
CC47612;45;3
CC77091;32;3
CC27560;39;3
CC33985;33;3
CC43262;50;3
CC28804;37;3
CC31404;44;3
CC19185;28;3
CC36349;43;3
CC26014;45;3
CC74108;33;3
CC93194;28;3
CC14523;33;3
CC31134;40;3
CC44117;21;3
CC30469;42;3
CC97688;22;3
CC42102;23;3
CC60065;21;3
CC51784;26;3
CC50994;22;3
CC12304;50;3
CC13916;46;3
CC25740;23;3
CC30527;35;3
CC16017;43;3
CC65781;24;3
CC49486;27;3
CC79957;43;3
CC23645;34;3
CC99057;43;3
CC23150;37;3
CC85779;38;3
CC64057;35;3
CC20076;50;3
CC16420;22;3
CC52380;30;3
CC28893;31;3
CC24873;20;3
CC58275;26;3
CC32149;31;3
CC29080;34;3
CC95875;49;3
CC33598;38;3
CC67638;42;3
CC49685;32;3
CC48334;30;3
CC59472;35;3
CC50660;39;3
CC33902;27;3
CC74238;50;3
CC23078;49;3
CC87875;48;3
CC17059;26;3
CC98472;48;3
CC61607;43;3
CC24544;23;3
CC28610;36;3
CC49636;21;3
CC35527;23;2
CC85173;42;2
CC38100;27;2
CC31533;30;2
CC43430;43;2
CC59174;37;2
CC61154;44;2
CC60218;37;2
CC20078;34;2
CC79633;29;2
CC68467;41;2
CC95042;24;2
CC73905;24;2
CC77675;38;2
CC80314;37;2
CC69339;25;2
CC43411;32;2
CC72081;29;2
CC95784;32;2
CC41613;34;2
CC26824;38;2
CC38916;41;2
CC61007;22;2
CC59250;42;2
CC53481;39;2
CC32689;41;2
CC98954;30;2
CC43781;32;2
CC19090;43;2
CC95430;42;2
CC73105;38;2
CC28129;20;2
CC75806;43;2
CC90197;45;2
CC54393;35;2
CC12061;37;2
CC32131;23;2
CC86889;29;2
CC24908;26;2
CC12110;20;2
CC78751;46;2
CC69848;37;2
CC25834;46;2
CC93661;40;2
CC95934;31;2
CC32316;24;2
CC54217;35;2
CC50362;35;2
CC57307;33;2
CC87435;31;2
CC76820;25;2
CC86377;40;2
CC40530;43;2
CC37631;47;2
CC21490;39;2
CC54651;50;2
CC17477;29;2
CC79820;41;2
CC18772;32;2
CC13156;42;2
CC30045;43;2
CC23167;25;2
CC18443;34;2
CC42326;34;2
CC42787;26;2
CC54157;46;2
CC65127;41;2
CC17412;24;2
CC40838;42;2
CC78710;49;2
CC32685;21;2
CC57968;33;2
CC15529;45;2
CC67614;31;2
CC36835;27;2
CC49238;44;2
CC35507;21;2
CC67671;20;2
CC50684;32;2
CC60813;39;2
CC22638;26;2
CC59050;20;2
CC38996;47;2
CC16779;21;2
CC26581;31;2
CC83818;42;2
CC42123;47;2
CC43767;42;2
CC92518;28;2
CC88054;46;2
CC79262;21;2
CC52760;36;2
CC36231;46;2
CC81245;49;2
CC61152;43;2
CC39512;29;2
CC81030;25;2
CC28038;48;2
CC96127;34;2
CC64827;28;2
CC20348;39;2
CC95200;50;2
CC50621;21;2
CC80725;31;2
CC70323;49;2
CC18019;34;2
CC96090;45;2
CC70923;25;2
CC34836;25;2
CC18697;20;2
CC58199;44;2
CC72310;24;2
CC78695;26;2
CC25217;30;2
CC53541;41;2
CC56187;29;2
CC61736;47;2
CC74791;39;2
CC35304;23;2
CC29686;36;2
CC23644;43;2
CC66202;20;2
CC32021;25;2
CC80780;38;2
CC56431;33;2
CC70438;35;2
CC20141;30;2
CC74767;21;2
CC86123;33;2
CC21935;47;2
CC76599;41;2
CC59596;50;2
CC39890;44;2
CC54632;31;2
CC80550;33;2
CC23706;43;2
CC81749;29;2
CC70588;22;2
CC87826;41;2
CC40960;29;2
CC97655;32;2
CC57162;26;2
CC66171;32;2
CC54876;26;2
CC45239;38;2
CC34462;40;2
CC12488;32;2
CC22041;42;2
CC18504;50;2
CC69256;36;2
CC92695;47;2
CC78671;34;2
CC67695;43;2
CC88177;50;2
CC24183;48;2
CC87555;34;2
CC20043;20;2
CC51587;34;2
CC17727;30;2
CC19369;36;2
CC35432;41;2
CC95937;36;2
CC12339;29;2
CC51900;32;2
CC49407;37;2
CC66765;37;2
CC51359;42;2
CC96715;35;2
CC68853;50;2
CC30473;34;2
CC19763;49;2
CC30545;43;2
CC32997;30;2
CC76125;38;2
CC18685;31;2
CC92012;20;2
CC88695;49;2
CC47671;47;2
CC40090;20;2
CC16557;22;2
CC54354;47;2
CC63864;43;2
CC70915;40;2
CC48068;45;2
CC97746;47;2
CC60484;46;2
CC81662;49;2
CC71174;42;2
CC14533;24;2
CC38475;25;2
CC85196;41;2
CC65827;26;2
CC65441;46;2
CC39204;20;2
CC71365;39;2
CC24862;47;2
CC41153;46;2
CC38912;47;2
CC32507;22;2
CC43327;23;2
CC89908;34;2
CC56879;30;2
CC22976;29;2
CC85900;37;2
CC83018;24;2
CC61871;26;2
CC38061;30;2
CC67585;37;2
CC51429;44;2
CC70644;50;2
CC33554;48;2
CC69968;49;2
CC82705;26;2
CC98498;37;2
CC49254;20;2
CC14659;21;2
CC83895;24;2
CC30633;36;2
CC92697;48;2
CC76793;27;2
CC34474;34;2
CC25710;23;2
CC93394;35;2
CC89629;36;2
CC56949;24;2
CC70902;47;2
CC13441;47;2
CC72769;40;2
CC79378;37;2
CC99934;29;2
CC27883;49;2
CC27330;48;2
CC14928;26;2
CC63394;38;2
CC77369;40;2
CC17651;23;2
CC35085;39;2
CC48021;49;2
CC75542;34;2
CC47648;47;2
CC25920;35;2
CC32469;40;2
CC28761;40;2
CC99552;44;2
CC42950;46;2
CC91442;46;2
CC18909;22;2
CC24786;32;2
CC23566;36;2
CC57274;22;2
CC64380;30;2
CC88702;33;2
CC18137;37;2
CC80950;45;2
CC52496;27;2
CC48719;26;2
CC78371;47;2
CC13923;40;2
CC84321;30;2
CC22337;35;2
CC21111;43;2
CC47681;24;2
CC50032;29;2
CC97984;23;2
CC38621;41;2
CC98217;32;2
CC70761;23;2
CC24028;38;2
CC43922;20;2
CC57029;38;2
CC91183;48;2
CC65184;47;2
CC25906;41;2
CC70258;25;2
CC50639;26;2
CC33496;43;2
CC20483;32;2
CC27713;42;2
CC79038;47;2
CC85610;29;2
CC80282;44;2
CC75147;39;2
CC97660;29;2
CC74531;30;2
CC31845;25;2
CC99051;31;2
CC90864;23;2
CC17602;23;2
CC70303;20;2
CC36527;40;2
CC16582;40;2
CC89544;40;2
CC52940;41;2
CC27307;36;2
CC22650;37;2
CC20283;39;2
CC79213;27;2
CC29028;47;2
CC83909;21;2
CC90468;30;2
CC34414;36;2
CC14661;30;2
CC66368;41;2
CC69336;41;2
CC83233;49;2
CC11236;38;2
CC15366;42;2
CC16208;41;2
CC78555;26;2
CC72039;38;2
CC69509;46;2
CC86871;30;2
CC67493;40;2
CC56650;24;2
CC76426;28;2
CC66210;41;2
CC15600;44;2
CC19971;26;2
CC28078;34;2
CC23185;47;2
CC23323;39;2
CC72897;46;2
CC28967;23;2
CC17800;47;2
CC76458;46;2
CC91283;50;2
CC18666;27;2
CC70406;49;2
CC79748;30;2
CC43306;41;2
CC63530;22;2
CC90427;35;2
CC88880;32;2
CC75882;27;2
CC29911;28;2
CC27334;46;2
CC85832;48;2
CC58590;48;2
CC27481;39;2
CC95639;30;2
CC95686;50;2
CC71825;42;2
CC20321;29;2
CC21335;46;2
CC28111;23;2
CC70597;47;2
CC48529;29;2
CC41272;23;2
CC88869;21;2
CC93405;23;2
CC77181;29;2
CC52942;45;2
CC29899;45;2
CC41257;27;2
CC88720;41;2
CC55196;23;2
CC58981;34;2
CC75650;26;2
CC13173;28;2
CC35589;42;2
CC95316;23;2
CC79989;20;2
CC66285;30;2
CC80881;27;2
CC67404;50;2
CC42941;40;2
CC80136;22;2
CC17957;38;2
CC38930;23;2
CC62223;36;2
CC32209;47;2
CC77199;26;2
CC21500;31;2
CC28751;34;2
CC55597;39;2
CC61984;48;2
CC42646;27;2
CC83237;50;2
CC79622;29;2
CC25792;37;2
CC42561;49;2
CC38785;27;2
CC13238;49;2
CC15252;23;2
CC44328;48;2
CC30308;43;2
CC90250;22;2
CC93847;28;2
CC99916;49;2
CC66663;34;2
CC96446;26;2
CC26135;23;2
CC46099;37;2
CC92808;23;2
CC11177;45;2
CC68779;42;2
CC24290;43;2
CC70533;37;2
CC41763;24;2
CC73601;32;2
CC35084;23;2
CC97266;27;2
CC87128;33;2
CC61340;20;2
CC65387;21;2
CC45119;29;2
CC81381;50;2
CC58039;33;2
CC21970;23;2
CC35287;24;2
CC51155;25;2
CC33263;25;2
CC60193;31;2
CC32492;33;2
CC82014;32;2
CC77544;31;2
CC44220;47;2
CC57788;34;2
CC97462;20;2
CC28088;45;2
CC39399;24;2
CC86134;43;2
CC64425;41;2
CC31982;44;2
CC45677;37;2
CC31757;32;2
CC18250;32;1
CC19835;26;1
CC51721;37;1
CC63242;41;1
CC77108;23;1
CC63015;30;1
CC85699;23;1
CC92733;24;1
CC21136;33;1
CC61294;30;1
CC94589;50;1
CC95885;43;1
CC70383;28;1
CC78296;22;1
CC68403;46;1
CC76372;30;1
CC91236;25;1
CC14087;46;1
CC98991;20;1
CC37020;22;1
CC59924;35;1
CC79523;47;1
CC65599;48;1
CC67287;29;1
CC69384;29;1
CC69258;34;1
CC63028;46;1
CC59673;50;1
CC90277;36;1
CC67733;38;1
CC60435;43;1
CC85640;37;1
CC21586;28;1
CC79787;42;1
CC53747;22;1
CC50936;40;1
CC84446;22;1
CC84040;35;1
CC68254;24;1
CC59896;37;1
CC30388;24;1
CC31371;36;1
CC21986;44;1
CC85503;40;1
CC31041;48;1
CC52660;39;1
CC53323;36;1
CC84759;32;1
CC11152;47;1
CC56515;25;1
CC43635;44;1
CC49922;43;1
CC26997;27;1
CC54793;50;1
CC16029;40;1
CC47701;39;1
CC25727;31;1
CC18446;31;1
CC14253;23;1
CC46452;26;1
CC81440;27;1
CC37334;37;1
CC88029;32;1
CC96223;31;1
CC93101;23;1
CC60044;40;1
CC49999;32;1
CC67703;27;1
CC37042;26;1
CC30039;50;1
CC50821;43;1
CC91580;50;1
CC86091;36;1
CC93975;33;1
CC61473;42;1
CC75923;37;1
CC31589;47;1
CC56752;46;1
CC18873;42;1
CC88884;36;1
CC34809;35;1
CC11887;27;1
CC89275;23;1
CC80532;22;1
CC36120;42;1
CC79965;25;1
CC69866;40;1
CC21905;31;1
CC44761;31;1
CC61197;40;1
CC50262;33;1
CC48798;45;1
CC27478;21;1
CC76819;36;1
CC88606;50;1
CC29479;49;1
CC72351;23;1
CC88364;21;1
CC82406;29;1
CC92201;21;1
CC94801;47;1
CC97150;48;1
CC60667;28;1
CC88834;25;1
CC56285;46;1
CC68767;38;1
CC84118;24;1
CC19363;48;1
CC82499;42;1
CC14537;38;1
CC53182;46;1
CC14377;25;1
CC40153;21;1
CC71597;40;1
CC52613;41;1
CC57561;50;1
CC87721;42;1
CC29948;37;1
CC29870;46;1
CC78255;47;1
CC41495;47;1
CC39871;24;1
CC38664;28;1
CC72376;24;1
CC15126;25;1
CC27234;38;1
CC60682;37;1
CC87618;34;1
CC17097;27;1
CC13181;27;1
CC65946;50;1
CC13951;28;1
CC95269;46;1
CC45715;43;1
CC36597;27;1
CC83928;23;1
CC31703;37;1
CC41891;38;1
CC36071;36;1
CC57082;40;1
CC39703;34;1
CC61684;27;1
CC43214;46;1
CC36850;22;1
CC33119;34;1
CC92613;38;1
CC76722;37;1
CC62496;44;1
CC79066;38;1
CC93666;48;1
CC61384;31;1
CC61186;41;1
CC56775;32;1
CC17963;25;1
CC59183;34;1
CC94342;36;1
CC18410;34;1
CC76388;46;1
CC17780;42;1
CC24253;43;1
CC56243;32;1
CC72086;47;1
CC75465;31;1
CC57547;41;1
CC66274;47;1
CC56978;20;1
CC19471;49;1
CC34113;29;1
CC89861;45;1
CC14133;50;1
CC43648;39;1
CC27811;20;1
CC75243;27;1
CC17371;39;1
CC30535;39;1
CC49672;26;1
CC66726;38;1
CC37622;34;1
CC17029;47;1
CC19740;32;1
CC83554;22;1
CC42241;24;1
CC59681;25;1
CC57989;47;1
CC89894;44;1
CC30849;47;1
CC13102;40;1
CC50779;27;1
CC16317;41;1
CC30489;22;1
CC79521;40;1
CC83438;42;1
CC50602;34;1
CC18131;23;1
CC84727;32;1
CC71546;22;1
CC93561;32;1
CC25488;32;1
CC51147;47;1
CC74265;26;1
CC22762;43;1
CC20970;49;1
CC92301;38;1
CC15666;30;1
CC84323;44;1
CC63552;25;1
CC43969;22;1
CC95441;45;1
CC54403;35;1
CC92646;23;1
CC19702;29;1
CC39355;49;1
CC61867;32;1
CC69274;47;1
CC88346;49;1
CC75641;47;1
CC79690;46;1
CC67323;50;1
CC38543;26;1
CC63603;40;1
CC79241;42;1
CC91192;25;1
CC29656;47;1
CC12535;40;1
CC86479;25;1
CC29807;27;1
CC93606;23;1
CC13679;40;1
CC91922;47;1
CC80426;28;1
CC15024;27;1
CC35634;20;1
CC83024;46;1
CC53797;35;1
CC99969;32;1
CC85673;20;1
CC98545;45;1
CC62663;33;1
CC72302;22;1
CC18795;37;1
CC55518;27;1
CC75940;36;1
CC52452;39;1
CC33426;40;1
CC98318;30;1
CC89410;32;1
CC46891;27;1
CC16169;39;1
CC35949;46;1
CC83876;48;1
CC50680;27;1
CC76655;48;1
CC74856;23;1
CC36530;33;1
CC18006;29;1
CC51926;32;1
CC23300;32;1
CC29472;32;1
CC15022;44;1
CC93546;35;1
CC46031;43;1
CC73145;31;1
CC43998;45;1
CC16279;35;1
CC56396;23;1
CC86798;37;1
CC32212;27;1
CC83213;48;1
CC33582;21;1
CC41352;33;1
CC90779;21;1
CC28562;50;1
CC87493;49;1
CC86097;21;1
CC50309;45;1
CC78416;48;1
CC92359;33;1
CC35626;25;1
CC93830;22;1
CC13531;29;1
CC33497;42;1
CC93148;24;1
CC53765;31;1
CC27192;27;1
CC77470;32;1
CC97456;32;1
CC20628;42;1
CC35342;38;1
CC62373;43;1
CC26442;31;1
CC71591;24;1
CC31232;21;1
CC97179;32;1
CC53175;26;1
CC50187;33;1
CC80920;48;1
CC49501;28;1
CC39647;48;1
CC93132;43;1
CC19582;48;1
CC34253;35;1
CC79266;36;1
CC90583;34;1
CC16905;39;1
CC54982;22;1
CC25490;44;1
CC27584;48;1
CC29103;40;1
CC86325;35;1
CC84667;32;1
CC69420;21;1
CC47966;23;1
CC38265;50;1
CC74132;29;1
CC40516;31;1
CC99550;29;1
CC68317;29;1
CC91740;49;1
CC47189;32;1
CC29820;28;1
CC21135;47;1
CC87692;41;1
CC88137;32;1
CC93361;49;1
CC57249;39;1
CC57923;24;1
CC92385;32;1
CC20405;38;1
CC79942;24;1
CC34752;30;1
CC41640;42;1
CC66461;43;1
CC66625;40;1
CC84729;30;1
CC71724;40;1
CC65661;36;1
CC15151;26;1
CC89032;27;1
CC87762;27;1
CC14882;27;1
CC60303;25;1
CC23438;39;1
CC40091;31;1
CC54697;22;1
CC96289;39;1
CC67052;24;1
CC84335;23;1
CC68237;38;1
CC64660;49;1
CC64725;26;1
CC18002;50;1
CC93003;47;1
CC71411;31;1
CC70613;30;1
CC40729;23;1
CC95483;25;1
CC38776;30;1
CC81464;32;1
CC97800;42;1
CC64405;21;1
CC23785;44;1
CC62141;47;1
CC70548;49;1
CC61839;48;1
CC21417;37;1
CC92870;44;1
CC31842;33;1
CC40654;42;1
CC99585;40;1
CC93535;35;1
CC13497;41;1
CC95481;46;1
CC17698;34;1
CC20824;24;1
CC27921;31;1
CC11507;47;1
CC97843;24;1
CC13503;20;1
CC26512;31;1
CC25113;29;1
CC58677;37;1
CC12101;25;1
CC15251;23;1
CC87219;39;1
CC21973;20;1
CC35789;41;1
CC23643;28;1
CC22029;29;1
CC63267;30;1
CC60822;28;1
CC52113;40;1
CC92484;29;1
CC53113;48;1
CC11879;20;1
CC84985;23;1
CC46092;24;1
CC62391;47;1
CC54011;32;1
CC68497;37;1
CC11553;36;1
CC57565;31;1
CC67372;37;1
CC77268;32;1
CC93254;37;1
CC68665;34;1
CC67473;49;1
CC50484;42;1
CC31597;24;1
CC40113;33;1
CC57679;32;1
CC17351;37;1
CC15055;29;1
CC52694;42;1
CC93914;26;1
CC15476;24;1
CC44463;36;1
CC53452;50;1
CC47413;48;1
CC37535;37;1
CC74293;36;1
CC56946;33;1
CC50016;50;1
CC86898;42;1
CC84159;39;1
CC61432;23;1
CC62253;37;1
CC94882;39;1
CC45559;43;1
CC22163;27;1
CC31257;49;1
CC40887;25;1
CC22916;24;1
CC79495;46;1
CC47230;43;1
CC98607;49;1
CC63715;44;1
CC32580;29;1
CC84237;36;1
CC99240;25;1
CC88026;22;1
CC25230;22;1
CC91902;42;1
CC34617;36;1
CC26446;33;1
CC79516;26;1
CC56899;41;1
CC46426;38;1
CC26329;32;1
CC55893;24;1
CC51874;35;1
CC40644;43;1
CC89950;22;1
CC34355;45;1
CC47676;25;1
CC17770;44;1
CC28623;42;1
CC57981;46;1
CC32994;45;1
CC78525;36;1
CC94696;41;1
CC82459;29;1
CC28335;30;1
CC44762;33;1
CC48807;26;1
CC85715;29;1
CC30888;34;1
CC70170;38;1
CC18568;42;1
CC42628;21;1
CC40620;23;1
CC67782;34;1
CC47742;37;1
CC80074;36;1
CC12607;31;1
CC33694;42;1
CC95451;24;1
CC36905;24;1
CC50327;20;1
CC54544;46;1
CC24768;36;1
CC14254;34;1
CC15942;35;1
CC31210;22;1
CC79447;39;1
CC70397;29;1
CC19501;28;1
CC27196;23;1
CC61758;32;1
CC75644;48;1
CC17871;28;1
CC74546;42;1
CC16172;20;1
CC27461;20;1
CC48264;35;1
CC87694;50;1
CC11181;28;1
CC15918;32;1
CC24049;50;1
CC78650;34;1
CC62052;35;1
CC25250;23;1
CC33907;31;1
CC34501;40;1
CC91191;40;1
CC79177;48;1
CC49131;47;1
CC75590;29;1
CC28515;45;1
CC76663;39;1
CC47662;41;1
CC70289;20;1
CC72243;31;1
CC45075;43;1
CC66570;34;1
CC40274;37;1
CC72853;26;1
CC25312;42;1
CC19007;26;1
CC16214;40;1
CC86102;38;1
CC49480;34;1
CC36870;49;1
CC70628;40;1
CC85561;20;1
CC19280;47;1
CC67468;23;1
CC98191;21;1
CC41672;20;1
CC26498;43;1
CC95133;47;1
CC56316;47;1
CC15895;46;1
CC62992;44;1
CC69984;45;1
CC79216;35;1
CC69279;28;1
CC64000;26;1
CC88490;24;1
CC34682;41;1
CC50572;44;1
CC26426;45;1
CC13145;33;1
CC89243;42;1
CC13641;40;1
CC74876;21;1
CC43212;23;1
CC95238;26;1
CC30408;48;1
CC89698;50;1
CC20373;28;1
CC19156;35;1
CC27885;46;1
CC53895;20;1
CC81382;44;1
CC89228;26;1
CC28485;48;1
CC96277;20;1
CC80160;33;1
CC64556;50;1
CC17590;40;1
CC12448;33;1
CC41949;39;1
CC58344;21;1
CC62840;43;1
CC99992;24;1
CC64714;20;1
CC34598;32;1
CC90214;39;1
CC53807;45;1
CC31565;36;1
CC82224;32;1
CC87479;34;1
CC27963;31;1
CC12391;27;1
CC52360;42;1
CC43853;21;1
CC67516;20;1
CC31906;28;1
CC31890;21;1
CC16985;36;1
CC84782;44;1
CC68754;32;1
CC17722;32;1
CC41775;47;1
CC18499;48;1
CC97203;46;1
CC79016;43;1
CC13178;34;1
CC26268;27;1
CC25411;25;1
CC11270;47;1
CC34736;20;1
CC19111;50;1
CC57521;39;1
CC43065;31;1
CC88046;41;1
CC41104;42;1
CC29648;39;1
CC26032;43;1
CC89728;39;1
CC60433;31;1
CC20603;44;1
CC21005;50;1
CC22737;32;1
CC37397;44;1
CC95466;22;1
CC88083;27;1
CC62518;37;1
CC49125;48;1
CC36336;39;1
CC39431;32;1
CC75936;48;1
CC66886;20;1
CC88732;26;1
CC13845;35;1
CC45183;50;1
CC75095;31;1
CC79256;29;1
CC91366;26;1
CC31913;44;1
CC41092;47;1
CC18055;30;1
CC63392;22;1
CC91242;41;1
CC50830;26;1
CC73718;37;1
CC36063;36;1
CC48579;37;1
CC68481;33;1
CC90500;21;1
CC74910;26;1
CC38004;32;1
CC54370;44;1
CC43654;25;1
CC44517;31;1
CC84102;35;1
CC84402;45;1
CC23880;20;1
CC36590;20;1
CC50574;33;1
CC85513;40;1
CC42872;43;1
CC85369;32;1
CC70449;20;1
CC85443;26;1
CC19454;25;1
CC88135;37;1
CC78131;27;1
CC85804;41;1
CC88931;42;1
CC90008;44;1
CC76860;47;1
CC38697;43;1
CC20695;37;1
CC51335;20;1
CC23368;24;1
CC94038;41;1
CC14717;20;1
CC30870;37;1
CC67194;25;1
CC82021;21;1
CC89598;30;1
CC33187;48;1
CC70593;39;1
CC88985;45;1
CC78557;49;1
CC60371;38;1
CC72074;28;1
CC18164;41;1
CC91427;24;1
CC17652;21;1
CC73157;39;1
CC56858;44;1
CC74933;44;1
CC81004;40;1
CC59913;25;1
CC47312;35;1
CC95121;28;1
CC34216;49;1
CC99141;37;1
CC19348;46;1
CC18599;28;1
CC94109;22;1
CC20235;27;1
CC12809;47;1
CC77008;34;1
CC88971;47;1
CC35451;25;1
CC96349;23;1
CC48483;38;1
CC31968;37;1
CC15320;37;1
CC13554;30;1
CC78644;33;1
CC70175;45;1
CC54001;34;1
CC71341;32;1
CC47372;31;1
CC31844;46;1
CC38053;48;1
CC34817;38;1
CC41750;26;1
CC77498;20;1
CC83864;49;1
CC99704;49;1
CC94374;35;1
CC63227;31;1
CC64768;33;1
CC39553;24;1
CC68455;34;1
CC95852;37;1
CC20709;47;1
CC59855;46;1
CC75610;33;1
CC14057;49;1
CC66493;38;1
CC85980;48;1
CC43257;38;1
CC78632;42;1
CC51908;20;1
CC11263;20;1
CC13063;37;1
CC81112;30;1
CC92155;47;1
CC38282;23;1
CC38722;25;1
CC74197;27;1
CC66255;23;1
CC59232;37;1
CC71198;32;1
CC87306;30;1
CC40486;38;1
CC77067;22;1
CC29410;41;1
CC61960;43;1
CC85702;40;1
CC86247;42;1
CC36992;44;1
CC71449;32;1
CC32304;48;1
CC73134;45;1
CC36943;32;1
CC96138;43;1
CC91785;27;1
CC46499;45;1
CC90302;36;1
CC34901;27;1
CC79456;26;1
CC59304;35;1
CC49453;49;1
CC31870;22;1
CC76008;42;1
CC98368;49;1
CC63041;23;1
CC53472;30;1
CC63826;28;1
CC76274;21;1
CC46657;33;1
CC55817;48;1
CC68517;33;1
CC24283;40;1
CC94516;37;1
CC70442;50;1
CC71285;31;1
CC29649;27;1
CC41436;32;1
CC85680;34;1
CC53865;20;1
CC29625;41;1
CC16300;36;1
CC67416;43;1
CC25855;45;1
CC40540;37;1
CC38739;22;1
CC80850;31;1
CC33652;38;1
CC25501;35;1
CC82578;35;1
CC19987;38;1
CC24221;25;1
CC24150;21;1
CC66654;42;1
CC33544;36;1
CC55326;46;1
CC24972;41;1
CC95845;43;1
CC87671;20;1
CC74995;46;1
CC16313;38;1
CC72159;22;1
CC76555;48;1
CC96914;40;1
CC24347;50;1
CC19378;31;1
CC85484;40;1
CC75158;38;1
CC86680;36;1
CC25745;31;1
CC17036;47;1
CC38494;24;1
CC76958;29;1
CC78373;24;1
CC94964;29;3
CC73939;34;3
CC36810;40;3
CC32418;42;3
CC75900;35;3
CC60732;43;3
CC95527;47;3
CC63897;25;3
CC45093;41;3
CC28552;38;3
CC31461;21;3
CC73488;24;3
CC52089;50;3
CC79197;32;3
CC30805;41;3
CC50124;33;3
CC57814;26;3
CC53146;39;3
CC50435;26;3
CC23270;27;3
CC51158;34;3
CC48229;30;3
CC56596;38;3
CC59862;45;3
CC59087;22;3
CC15947;32;3
CC64033;41;3
CC38943;22;3
CC25534;49;3
CC63868;44;3
CC90937;24;3
CC14484;37;3
CC88000;22;3
CC83124;35;3
CC22965;25;3
CC81471;31;3
CC22906;49;3
CC43539;37;3
CC36429;37;3
CC96154;47;3
CC88619;44;3
CC96447;33;3
CC30054;29;3
CC35307;47;3
CC84939;49;3
CC85128;46;3
CC79880;43;3
CC17304;27;3
CC14218;20;3
CC35923;34;3
CC48357;20;3
CC44759;49;3
CC47286;30;3
CC63933;41;3
CC20490;47;3
CC37147;38;3
CC39415;25;3
CC62455;38;3
CC68811;42;3
CC43248;26;3
CC22680;22;3
CC20716;37;3
CC60275;32;3
CC81122;49;3
CC64284;45;3
CC72660;40;3
CC89332;35;3
CC43872;38;3
CC26267;26;3
CC45020;29;3
CC78889;29;3
CC68775;50;3
CC40196;50;3
CC37770;39;3
CC84400;35;3
CC33638;49;3
CC56068;30;3
CC70557;46;3
CC49934;22;3
CC14997;47;3
CC68651;21;3
CC14731;30;3
CC52705;29;3
CC94601;48;3
CC15703;49;3
CC75566;40;3
CC47611;44;3
CC80131;32;3
CC45554;27;3
CC27970;48;3
CC48870;27;3
CC70566;27;3
CC27770;32;3
CC73948;38;3
CC66115;43;3
CC59802;43;3
CC60004;32;3
CC30549;27;3
CC25344;23;3
CC82991;40;3
CC68503;34;3
CC43609;35;3
CC35560;49;3
CC70996;24;3
CC65545;23;3
CC49168;22;3
CC78985;30;3
CC26978;26;3
CC59724;21;3
CC98141;44;3
CC83431;41;3
CC97188;23;3
CC66918;24;3
CC98158;35;3
CC15257;31;3
CC52671;41;3
CC71561;30;3
CC38357;29;3
CC25644;43;3
CC98215;23;3
CC25827;40;3
CC15832;27;3
CC88646;41;3
CC47428;21;3
CC73509;24;3
CC65983;24;3
CC76525;29;3
CC53812;44;3
CC94808;49;3
CC94754;39;3
CC12067;33;3
CC32196;32;3
CC43059;47;3
CC44008;48;3
CC50284;27;3
CC46981;40;3
CC23405;46;3
CC83080;23;3
CC49146;29;3
CC43699;50;3
CC59734;27;3
CC45811;20;3
CC84540;29;3
CC43182;49;3
CC39878;42;3
CC74631;43;3
CC84036;28;3
CC73341;44;3
CC19785;49;3
CC24504;44;3
CC89859;24;3
CC70158;35;3
CC45995;29;3
CC67900;25;3
CC95749;49;3
CC90603;40;3
CC15857;40;3
CC51040;43;3
CC49657;48;3
CC72488;50;3
CC13357;35;3
CC97492;27;3
CC42758;48;3
CC43134;23;3
CC17073;42;3
CC14977;49;3
CC18124;26;3
CC36051;46;3
CC29768;31;3
CC57993;32;3
CC54119;48;3
CC38302;23;3
CC26081;38;3
CC34512;20;3
CC29715;21;3
CC14060;36;3
CC18058;46;3
CC91392;37;3
CC27284;31;3
CC79704;23;3
CC73503;22;3
CC41103;33;3
CC25416;29;3
CC72392;42;3
CC26720;41;3
CC21672;30;3
CC16366;37;3
CC44102;38;3
CC23687;40;3
CC15425;45;3
CC94991;24;3
CC68949;46;3
CC49065;29;3
CC92951;41;3
CC64531;48;3
CC29580;27;3
CC55184;21;3
CC25802;29;3
CC97217;33;3
CC34035;31;3
CC77545;21;3
CC26250;31;3
CC79830;44;3
CC81475;45;3
CC46927;50;3
CC18223;26;3
CC88271;27;3
CC20129;44;3
CC84605;48;3
CC48220;41;3
CC12058;20;3
CC82344;36;3
CC83557;34;3
CC70624;25;3
CC29926;24;3
CC45636;44;3
CC76717;40;3
CC16657;36;3
CC47949;46;3
CC62065;39;3
CC75172;29;3
CC67573;37;3
CC99074;42;3
CC80669;27;3
CC41570;36;3
CC71497;32;3
CC76693;33;3
CC86107;35;3
CC52856;22;3
CC69624;38;3
CC80030;48;3
CC22788;32;3
CC32349;33;3
CC85789;42;3
CC77684;33;3
CC73604;26;3
CC13524;36;3
CC65565;45;3
CC19761;45;3
CC76461;44;3
CC32473;22;3
CC34605;46;3
CC43197;25;3
CC60062;34;3
CC67725;34;3
CC38471;38;3
CC81716;48;3
CC13421;49;3
CC44211;32;3
CC98701;33;3
CC33297;26;3
CC36199;50;3
CC54434;47;3
CC11120;28;3
CC55043;41;3
CC88954;37;3
CC42271;40;3
CC64267;29;3
CC24722;23;3
CC44809;29;3
CC19375;22;3
CC50833;48;3
CC77886;40;3
CC75883;40;3
CC57966;27;3
CC53856;27;3
CC25881;25;3
CC62334;35;3
CC57147;32;3
CC86905;45;3
CC16033;44;3
CC17529;27;3
CC56749;37;3
CC59540;41;3
CC58360;42;3
CC14049;21;3
CC88921;26;3
CC97810;41;3
CC36475;20;3
CC65031;25;3
CC35026;39;3
CC91151;33;3
CC98823;23;3
CC98527;26;3
CC11972;26;3
CC13623;31;3
CC37616;47;3
CC74095;49;3
CC88518;34;3
CC70866;40;3
CC69475;42;3
CC13325;38;3
CC62492;32;3
CC57688;37;3
CC77613;46;3
CC89193;47;3
CC57234;20;3
CC79248;35;3
CC65658;39;3
CC48140;21;3
CC41865;30;3
CC46496;34;3
CC43102;26;3
CC26131;34;3
CC73685;36;3
CC21623;49;3
CC11486;21;3
CC11505;28;3
CC94034;48;3
CC52301;30;3
CC48218;37;3
CC76010;24;3
CC37259;27;3
CC40147;24;3
CC20273;25;3
CC51619;27;3
CC14973;27;3
CC67539;23;3
CC20554;32;3
CC30500;39;3
CC29313;45;3
CC40159;42;3
CC70012;48;3
CC93400;50;3
CC29401;41;3
CC46868;38;3
CC94915;31;3
CC17484;20;3
CC34126;29;3
CC57934;35;3
CC29225;44;3
CC72234;41;3
CC58399;26;3
CC90666;33;3
CC64781;42;3
CC79168;20;3
CC58069;44;3
CC79253;26;3
CC76409;33;3
CC93319;21;3
CC37164;29;3
CC13562;43;3
CC24024;49;3
CC13151;25;3
CC95787;42;3
CC95678;30;3
CC23003;21;3
CC12572;32;3
CC56179;25;3
CC24107;39;3
CC77582;21;3
CC91963;31;3
CC28358;22;3
CC74648;37;3
CC92150;21;3
CC46989;44;3
CC58041;48;3
CC46145;31;3
CC11778;22;3
CC78615;46;3
CC74918;31;3
CC27937;47;3
CC42277;35;3
CC16799;33;3
CC34464;37;3
CC97085;35;3
CC36111;45;3
CC38970;28;3
CC27145;32;3
CC86201;42;3
CC90282;50;3
CC82342;24;3
CC49077;45;3
CC48722;49;3
CC79000;25;3
CC12210;24;3
CC93292;47;3
CC41682;39;3
CC38312;24;3
CC22765;20;3
CC35889;25;3
CC91111;26;3
CC25040;41;3
CC92408;22;3
CC25012;41;3
CC47330;42;3
CC72627;39;3
CC40979;36;3
CC81637;30;3
CC12862;32;3
CC47943;30;3
CC22992;31;3
CC70793;35;3
CC15718;38;3
CC26805;31;3
CC35964;40;3
CC97887;36;3
CC96288;48;3
CC74920;22;3
CC96830;22;3
CC57269;40;3
CC18252;44;3
CC25493;33;3
CC86529;28;3
CC55201;48;3
CC90705;41;3
CC22451;20;3
CC23408;39;3
CC56024;38;3
CC21174;20;3
CC18035;33;3
CC56853;36;3
CC78090;22;3
CC57485;31;3
CC13879;43;3
CC25268;39;3
CC81348;30;3
CC24888;33;3
CC20817;31;3
CC54515;48;3
CC54112;43;3
CC22974;48;3
CC74671;23;3
CC75159;48;3
CC39238;28;3
CC74595;42;3
CC29296;46;3
CC59733;27;3
CC83002;22;3
CC69970;44;3
CC53891;49;3
CC92766;39;3
CC19855;48;3
CC69936;40;3
CC40836;22;3
CC54356;30;3
CC99708;43;3
CC50440;35;3
CC96904;47;3
CC54343;36;3
CC60818;23;3
CC95660;26;3
CC61207;40;3
CC14460;48;3
CC17396;26;3
CC19730;40;3
CC88343;30;3
CC55731;20;3
CC81408;29;3
CC13533;30;3
CC17819;47;3
CC88455;31;3
CC37395;26;3
CC75821;39;3
CC57866;28;3
CC37146;48;3
CC36968;27;3
CC90152;42;3
CC95823;49;3
CC26316;34;3
CC94599;34;3
CC11165;42;3
CC23045;36;3
CC48076;25;3
CC98591;38;3
CC59055;46;3
CC87589;41;3
CC60226;32;3
CC58962;26;3
CC21283;39;3
CC39863;49;3
CC25340;40;3
CC67441;34;3
CC60028;46;3
CC18389;22;3
CC36587;24;3
CC14770;23;3
CC15004;36;3
CC72651;43;3
CC55042;34;3
CC54905;37;3
CC42339;47;3
CC29416;41;3
CC27090;45;3
CC23667;22;3
CC17325;27;3
CC48378;36;3
CC28712;27;3
CC19401;22;3
CC57217;30;3
CC21186;40;3
CC60951;26;3
CC41414;36;3
CC58130;40;3
CC62567;36;3
CC11877;36;3
CC22648;22;3
CC64984;40;3
CC84333;32;3
CC91464;35;3
CC99735;24;3
CC35913;44;3
CC93973;35;3
CC61926;47;3
CC72785;50;3
CC63974;20;3
CC17926;41;3
CC14666;36;3
CC50734;31;3
CC81472;41;3
CC50461;24;3
CC11231;48;3
CC55095;40;3
CC45535;33;3
CC85145;22;3
CC72728;27;3
CC81474;35;3
CC52536;25;3
CC92414;21;3
CC46397;23;3
CC19617;24;3
CC90440;26;3
CC48384;37;3
CC61105;27;3
CC21763;23;3
CC39128;23;3
CC92588;44;3
CC73883;28;3
CC20512;38;3
CC61699;39;3
CC97633;47;3
CC85605;41;3
CC71915;38;3
CC93817;38;3
CC24525;39;3
CC12970;50;3
CC99310;43;3
CC73193;41;3
CC13865;49;3
CC32991;22;3
CC99269;33;3
CC12094;50;3
CC76756;23;3
CC33766;50;3
CC43838;37;3
CC77156;48;3
CC76545;29;3
CC46322;36;3
CC17265;46;3
CC70781;25;3
CC75442;50;3
CC12730;41;3
CC53840;27;3
CC55423;26;3
CC35047;33;3
CC69742;28;3
CC68009;45;3
CC95014;31;3
CC14833;41;3
CC46418;36;3
CC40413;48;3
CC85515;49;3
CC87546;20;3
CC77910;44;3
CC61382;32;3
CC41990;42;3
CC87873;26;3
CC61875;28;3
CC20297;22;3
CC82975;29;3
CC41942;22;3
CC60803;50;3
CC80828;38;3
CC37486;28;3
CC71206;23;3
CC57955;32;3
CC51371;34;3
CC28457;34;3
CC43577;32;3
CC44468;30;3
CC68858;45;3
CC48867;30;3
CC20693;21;3
CC83772;44;3
CC61021;50;3
CC74442;49;3
CC20097;46;3
CC79415;39;3
CC67979;45;3
CC33605;39;3
CC53967;30;3
CC88287;28;3
CC47536;44;3
CC84519;50;3
CC38564;21;3
CC61445;20;3
CC85648;21;2
CC62501;41;2
CC82956;30;2
CC38486;34;2
CC26339;21;2
CC54687;46;2
CC37541;22;2
CC90124;20;2
CC59010;31;2
CC31583;45;2
CC58631;40;2
CC34498;40;2
CC22478;21;2
CC12111;38;2
CC28898;29;2
CC47377;29;2
CC26324;32;2
CC78485;34;2
CC50083;48;2
CC68912;35;2
CC94216;24;2
CC82625;49;2
CC11671;25;2
CC65584;45;2
CC91872;36;2
CC28281;48;2
CC28425;27;2
CC69910;40;2
CC78778;34;2
CC93234;34;2
CC44126;24;2
CC16097;34;2
CC18139;37;2
CC26513;39;2
CC11428;26;2
CC87946;23;2
CC92953;32;2
CC45401;29;2
CC86404;41;2
CC48131;48;2
CC76638;42;2
CC36241;28;2
CC91024;35;2
CC80229;28;2
CC76129;41;2
CC49388;37;2
CC72394;28;2
CC41960;38;2
CC93513;25;2
CC99896;49;2
CC34913;45;2
CC99497;26;2
CC75921;22;2
CC37772;22;2
CC31561;48;2
CC35697;50;2
CC43480;30;2
CC95252;45;2
CC99889;36;2
CC63831;23;2
CC24023;22;2
CC49937;50;2
CC17191;35;2
CC54887;46;2
CC84585;32;2
CC78741;21;2
CC90499;39;2
CC75753;30;2
CC31284;23;2
CC82213;38;2
CC45956;44;2
CC24214;43;2
CC47214;34;2
CC34155;43;2
CC49375;46;2
CC63604;25;2
CC24591;29;2
CC53055;21;2
CC27365;42;2
CC91488;35;2
CC84919;34;2
CC19021;48;2
CC40824;21;2
CC95110;47;2
CC74713;31;2
CC94578;39;2
CC20145;27;2
CC51984;37;2
CC80983;49;2
CC59358;26;2
CC71009;25;2
CC49945;29;2
CC41019;38;2
CC86336;43;2
CC52766;47;2
CC44610;33;2
CC95663;46;2
CC53538;39;2
CC84603;40;2
CC81384;20;2
CC63585;31;2
CC63422;36;2
CC43721;24;2
CC44237;24;2
CC81396;31;2
CC43435;29;2
CC66803;40;2
CC48078;48;2
CC87141;22;2
CC76794;50;2
CC35621;27;2
CC63122;23;2
CC33920;41;2
CC74145;41;2
CC44305;36;2
CC65619;32;2
CC53745;29;2
CC24462;42;2
CC95062;26;2
CC51595;23;2
CC92281;45;2
CC33355;35;2
CC21770;36;2
CC12470;49;2
CC16623;23;2
CC48023;42;2
CC95108;32;2
CC60432;27;2
CC47462;49;2
CC61886;29;2
CC22588;41;2
CC49725;32;2
CC27972;32;2
CC66540;34;2
CC34834;29;2
CC36515;35;2
CC49556;50;2
CC59858;48;2
CC32530;41;2
CC94450;31;2
CC32565;34;2
CC78141;22;2
CC34299;27;2
CC63894;30;2
CC98581;41;2
CC81098;48;2
CC94010;20;2
CC30632;20;2
CC23926;36;2
CC70992;39;2
CC29105;21;2
CC62729;42;2
CC97708;36;2
CC13912;26;2
CC21291;25;2
CC38115;24;2
CC47592;28;2
CC12704;33;2
CC28064;26;2
CC72439;23;2
CC21369;20;2
CC38005;25;2
CC90208;29;2
CC27324;45;2
CC90167;33;2
CC18142;46;2
CC58024;41;2
CC71145;24;2
CC93318;33;2
CC33305;23;2
CC11721;21;2
CC33059;43;2
CC41914;41;2
CC84380;44;2
CC41877;39;2
CC58276;36;2
CC34567;21;2
CC25299;37;2
CC99130;24;2
CC16335;48;2
CC59364;44;2
CC49108;27;2
CC15310;27;2
CC53567;20;2
CC13282;30;2
CC55171;32;2
CC33255;20;2
CC48724;21;2
CC79358;38;2
CC12976;32;2
CC30065;39;2
CC65014;21;2
CC53383;35;2
CC13735;39;2
CC30956;38;2
CC74707;35;2
CC12843;45;2
CC14475;42;2
CC40213;23;2
CC94101;35;2
CC88596;25;2
CC97485;31;2
CC73801;20;2
CC38166;46;2
CC79850;21;2
CC77056;20;2
CC87686;43;2
CC54176;40;2
CC99335;46;2
CC92551;37;2
CC33719;42;2
CC53161;29;2
CC26229;43;2
CC77533;30;2
CC56342;40;2
CC60831;34;2
CC54222;46;2
CC93589;41;2
CC98495;28;2
CC18448;24;2
CC49198;24;2
CC60844;32;2
CC75223;31;2
CC70507;48;2
CC40270;42;2
CC95047;33;2
CC94924;26;2
CC54071;26;2
CC39414;39;2
CC50029;43;2
CC78832;33;2
CC87034;36;2
CC48732;46;2
CC91794;43;2
CC37973;36;2
CC35981;26;2
CC14701;22;2
CC89856;50;2
CC41481;47;2
CC49554;20;2
CC89315;34;2
CC19313;31;2
CC45238;23;2
CC18865;34;2
CC50203;21;2
CC92299;29;2
CC93392;39;2
CC22664;43;2
CC54446;29;2
CC32532;28;2
CC16281;49;2
CC88306;26;2
CC39195;21;2
CC48824;43;2
CC92406;21;2
CC60423;40;2
CC21932;27;2
CC35957;39;2
CC59019;32;2
CC79295;30;2
CC77260;23;2
CC42437;41;2
CC79306;50;2
CC86457;25;2
CC32001;40;2
CC76375;47;2
CC60157;36;2
CC67742;43;2
CC25327;28;2
CC15996;46;2
CC62982;41;2
CC15649;24;2
CC59641;24;2
CC43711;29;2
CC85782;38;2
CC46677;44;2
CC68167;50;2
CC77191;47;2
CC37369;45;2
CC85968;38;2
CC74982;39;2
CC14720;33;2
CC61345;50;2
CC48806;38;2
CC60021;21;2
CC95766;35;2
CC77654;44;2
CC76857;50;2
CC65169;47;2
CC87270;28;2
CC94079;41;2
CC95273;35;2
CC81241;34;2
CC81000;25;2
CC38011;37;2
CC45675;39;2
CC19639;21;2
CC20573;38;2
CC66558;48;2
CC65301;43;2
CC73095;27;2
CC81300;26;2
CC46415;45;2
CC66351;22;2
CC36641;42;2
CC52036;36;2
CC82633;50;2
CC32326;30;2
CC39468;43;2
CC29784;46;2
CC30422;35;2
CC40307;34;2
CC11740;34;2
CC45332;37;2
CC94911;30;2
CC48316;29;2
CC47905;37;2
CC85979;37;2
CC91399;27;2
CC68582;22;2
CC74656;22;2
CC75283;26;2
CC84498;39;2
CC53713;45;2
CC99614;33;2
CC39127;22;2
CC22387;24;2
CC40770;37;2
CC42485;43;2
CC83378;50;2
CC90451;20;2
CC82682;20;2
CC40049;34;2
CC83850;36;2
CC23983;48;2
CC42526;39;2
CC39108;42;2
CC98135;26;2
CC35953;30;2
CC51066;37;2
CC33790;45;2
CC50151;47;2
CC43615;41;2
CC81913;39;2
CC69901;34;2
CC99023;29;2
CC56148;21;2
CC80045;45;2
CC49551;41;2
CC98929;25;2
CC40470;46;2
CC99187;32;2
CC87840;35;2
CC21915;50;2
CC17166;24;2
CC80507;41;2
CC54408;22;2
CC98996;25;2
CC51285;45;2
CC17004;41;2
CC44055;24;2
CC49248;45;2
CC27331;49;2
CC69103;23;2
CC71544;45;2
CC56810;48;2
CC73014;50;2
CC41159;43;2
CC53604;27;2
CC19539;41;2
CC54873;28;2
CC90206;50;2
CC64863;28;2
CC40806;34;2
CC15456;24;2
CC24142;46;2
CC23605;44;2
CC59416;32;2
CC11339;33;2
CC59562;39;2
CC86108;28;2
CC82436;28;2
CC76396;42;2
CC25711;39;2
CC48711;28;2
CC56916;33;2
CC81331;31;2
CC69596;29;2
CC15336;25;2
CC28303;31;2
CC99150;48;2
CC40748;20;2
CC60493;44;2
CC48979;21;2
CC97522;25;2
CC22987;23;2
CC42288;23;2
CC90333;31;2
CC75532;28;2
CC51938;35;2
CC42924;25;2
CC22556;26;2
CC30954;49;2
CC32762;50;2
CC30670;23;2
CC97200;22;2
CC57287;46;2
CC87325;37;2
CC53989;29;2
CC51844;50;2
CC63184;39;2
CC80522;28;2
CC73000;35;2
CC13567;44;2
CC39353;50;2
CC19916;49;2
CC42937;30;2
CC95586;38;2
CC44059;27;2
CC16346;30;2
CC13477;24;2
CC58020;25;2
CC57776;22;2
CC24391;26;2
CC53430;27;2
CC31823;33;2
CC15335;28;2
CC81556;26;2
CC38634;21;2